KD1,KD2,KD3,KD4,KD5,KC1,KC2,KC3,KC4,KC5,LC1,LC2,LC3,LC4,LC5,LM1,LM2,LM3,LM4,LM5,LM6,LM7,PI1,PI2,PI3,PI4,PI5,PI6,FI1,FI2,FI3,FI4,FI5,MI1,MI2,MI3,MI4,MI5,MI6,MI7,KD,KC,LC,LM,PC,FC,MC,INDUTRY,GENDER,MARRYED,EDUCATION,DUTY,AGE,CAREER,COMPANY
3,2,3,3,3,3,3,3,3,3,3,3,3,3,3,3,3,3,3,3,2,3,2,2,2,2,2,2,3,3,3,3,3,3,3,3,3,3,3,3,-1.993,-1.953,-0.983,-0.860,-1.844,-0.856,-0.423,FINANCE,FEMALE,NO,GRADUATED_SCHOOL,AGENT,34,3,1
5,5,5,5,5,5,5,5,5,5,3,3,3,3,3,2,5,2,2,2,1,1,4,4,4,2,3,3,3,2,3,3,2,3,5,3,3,3,3,3,1.905,1.822,-0.983,-1.876,-0.082,-1.426,-0.046,FINANCE,FEMALE,YES,HIGH_SCHOOL,MANAGER,35,15,1
4,3,3,3,4,4,4,4,4,3,3,2,2,2,2,3,4,4,4,3,4,3,3,3,3,3,2,3,3,3,3,3,3,3,2,2,2,3,3,3,-0.948,-0.364,-2.221,0.123,-0.735,-0.856,-0.989,FINANCE,MALE,YES,HIGH_SCHOOL,MANAGER,43,13,6
4,4,4,4,4,4,4,4,3,5,5,5,4,4,5,5,5,5,5,5,5,5,4,5,2,4,5,4,5,4,4,4,2,3,4,4,4,4,4,4,0.124,-0.171,1.574,2.100,0.785,0.375,0.757,MEDICAL,MALE,YES,HIGH_SCHOOL,MANAGER,46,12,9
4,4,4,4,4,4,4,4,4,4,4,4,3,3,4,4,4,4,4,4,4,4,4,4,4,4,4,4,4,4,4,4,4,4,4,4,4,4,4,4,0.124,-0.066,-0.004,0.716,0.798,0.611,0.946,MEDICAL,FEMALE,YES,HIGH_SCHOOL,OPERATOR,36,6,7
5,4,5,4,4,4,5,4,5,4,4,4,4,4,4,5,3,5,5,4,4,3,3,3,3,2,1,1,1,1,1,1,1,1,1,1,1,1,1,1,0.878,0.745,0.594,0.937,-1.603,-3.790,-3.161,ELECTRONIC,FEMALE,NO,HIGH_SCHOOL,OPERATOR,30,9,11
4,4,4,4,5,4,4,4,4,4,4,4,4,3,4,4,4,4,4,5,4,4,4,4,4,4,4,4,4,4,4,4,4,4,4,4,4,4,4,4,0.452,-0.066,0.290,0.929,0.798,0.611,0.946,ELECTRONIC,FEMALE,YES,HIGH_SCHOOL,OPERATOR,31,4,11
5,4,5,4,4,4,4,4,5,5,4,4,4,4,4,4,4,4,2,5,3,5,3,3,5,3,3,3,5,5,4,5,3,5,3,5,4,4,3,3,0.878,0.635,0.594,0.513,-0.080,1.239,0.681,ELECTRONIC,MALE,NO,HIGH_SCHOOL,OPERATOR,23,1,12
4,4,4,4,5,4,4,4,4,4,4,4,4,4,4,5,5,3,3,3,4,3,4,4,4,4,4,4,4,4,2,4,4,4,2,4,4,1,3,3,0.452,-0.066,0.594,0.272,0.798,0.001,-0.419,ELECTRONIC,MALE,NO,HIGH_SCHOOL,OPERATOR,30,3,12
4,4,4,4,4,4,4,4,4,4,4,4,4,3,4,4,4,4,4,4,4,4,3,4,4,4,4,4,4,4,3,4,4,4,4,4,4,3,4,4,0.124,-0.066,0.290,0.716,0.571,0.306,0.759,ELECTRONIC,MALE,NO,HIGH_SCHOOL,OPERATOR,26,1,12
4,3,5,4,3,3,4,4,4,4,5,4,5,4,5,3,4,2,2,3,1,4,4,5,3,4,4,4,3,4,3,4,3,2,1,4,3,3,2,3,-0.167,-0.444,1.551,-1.085,0.795,-0.260,-1.037,ELECTRONIC,MALE,NO,HIGH_SCHOOL,OPERATOR,28,2,12
5,5,5,5,5,5,5,5,5,5,4,4,5,4,5,3,5,4,4,3,4,4,4,4,4,4,4,4,4,4,4,4,4,4,4,5,5,5,5,5,1.905,1.822,1.212,0.503,0.798,0.611,1.937,ELECTRONIC,MALE,NO,HIGH_SCHOOL,OPERATOR,23,1,12
4,4,4,4,4,4,4,4,4,4,3,3,2,3,3,3,3,3,3,3,3,3,3,3,2,2,2,3,3,3,3,3,3,3,3,3,3,3,3,3,0.124,-0.066,-1.276,-0.668,-1.184,-0.856,-0.423,ELECTRONIC,MALE,NO,HIGH_SCHOOL,OPERATOR,32,3,13
5,5,5,5,5,5,5,5,5,4,4,4,4,4,4,5,5,5,5,5,5,5,4,5,5,5,5,5,5,4,5,4,5,5,5,5,5,5,5,5,1.905,1.524,0.594,2.100,1.892,1.482,2.315,ELECTRONIC,MALE,NO,HIGH_SCHOOL,OPERATOR,23,1,17
4,4,3,3,4,3,4,4,5,5,5,5,5,4,5,4,4,5,5,5,5,5,5,5,5,5,5,5,4,4,5,5,5,5,5,5,4,4,5,5,-0.612,0.257,1.867,1.726,2.118,1.476,1.914,ELECTRONIC,MALE,NO,HIGH_SCHOOL,OPERATOR,27,1,17
5,5,5,5,5,5,5,5,5,5,5,5,5,5,5,5,5,5,5,5,5,5,5,5,5,5,5,5,5,5,5,5,5,5,5,5,5,5,5,5,1.905,1.822,2.172,2.100,2.118,2.078,2.315,ELECTRONIC,MALE,NO,HIGH_SCHOOL,OPERATOR,24,1,17
5,5,5,5,5,5,5,5,5,5,5,5,5,5,5,5,5,5,5,5,5,5,5,5,5,5,5,5,5,5,5,5,5,5,5,5,5,5,5,5,1.905,1.822,2.172,2.100,2.118,2.078,2.315,FINANCE,FEMALE,YES,HIGH_SCHOOL,TECHNICIAN,45,7,5
4,3,3,3,3,3,3,3,3,3,3,3,3,3,3,4,4,4,4,4,4,4,3,3,3,3,3,3,3,3,3,3,3,3,3,3,3,3,3,3,-1.276,-1.953,-0.983,0.716,-0.523,-0.856,-0.423,MEDICAL,FEMALE,NO,HIGH_SCHOOL,TECHNICIAN,32,8,7
4,4,5,4,4,4,5,4,5,4,4,5,3,3,4,3,4,3,5,3,3,3,4,3,3,4,4,4,4,4,4,4,2,4,4,4,3,4,3,4,0.497,0.745,0.313,-0.064,0.357,0.076,0.520,MEDICAL,FEMALE,NO,HIGH_SCHOOL,TECHNICIAN,21,1,10
5,4,5,4,5,4,4,4,4,4,4,5,3,5,4,3,5,3,5,4,3,5,3,4,5,3,4,5,5,3,4,5,3,4,5,3,4,5,3,4,1.206,-0.066,0.922,0.720,0.781,0.633,0.946,MEDICAL,FEMALE,NO,HIGH_SCHOOL,TECHNICIAN,30,6,10
4,4,4,4,3,4,4,4,4,4,4,4,4,4,4,4,4,4,4,4,4,4,4,4,4,4,4,4,4,4,4,4,4,4,4,4,4,4,4,4,-0.205,-0.066,0.594,0.716,0.798,0.611,0.946,MEDICAL,FEMALE,YES,HIGH_SCHOOL,TECHNICIAN,38,6,7
4,4,4,4,4,4,5,4,4,4,4,4,2,2,4,4,4,4,4,4,3,3,3,3,3,3,3,3,4,4,3,4,3,4,4,4,4,3,2,4,0.124,0.342,-0.601,0.332,-0.523,0.039,0.336,MEDICAL,FEMALE,YES,HIGH_SCHOOL,TECHNICIAN,30,10,7
3,3,3,3,4,3,3,4,4,3,3,3,4,3,4,4,4,3,3,3,2,2,4,4,4,3,3,4,4,2,4,4,3,2,4,2,4,3,3,4,-1.329,-1.151,-0.365,-0.678,0.359,-0.262,-0.157,MEDICAL,MALE,YES,HIGH_SCHOOL,TECHNICIAN,38,5,9
4,5,5,5,4,5,5,5,5,4,4,4,4,3,4,5,5,5,5,4,3,3,4,4,4,4,3,3,4,4,4,4,3,3,4,2,3,2,1,2,1.195,1.524,0.290,1.119,0.371,0.344,-1.224,ELECTRONIC,FEMALE,YES,HIGH_SCHOOL,TECHNICIAN,40,10,11
5,4,4,4,4,4,4,4,4,4,4,4,4,4,4,3,4,4,4,4,4,4,4,4,4,3,3,4,4,4,4,4,4,4,4,4,4,4,4,4,0.505,-0.066,0.594,0.529,0.359,0.611,0.946,ELECTRONIC,FEMALE,YES,HIGH_SCHOOL,TECHNICIAN,30,2,13
4,4,4,4,4,4,4,4,4,3,4,4,4,4,4,3,5,3,3,3,4,3,4,4,4,4,4,4,4,4,4,4,4,3,2,3,3,3,3,3,0.124,-0.364,0.594,-0.103,0.798,0.611,-0.612,ELECTRONIC,MALE,NO,HIGH_SCHOOL,TECHNICIAN,23,1,17
5,3,5,4,4,5,5,5,5,4,3,4,4,4,3,4,5,4,5,5,4,4,3,4,4,4,4,4,4,4,4,5,4,4,5,5,5,3,3,4,0.543,1.524,-0.068,1.324,0.571,0.904,1.113,ELECTRONIC,MALE,NO,HIGH_SCHOOL,TECHNICIAN,26,1,17
4,4,4,4,4,4,4,4,4,4,4,4,4,4,4,4,4,4,4,4,4,4,4,4,4,4,4,4,4,4,4,4,4,4,4,4,4,4,4,4,0.124,-0.066,0.594,0.716,0.798,0.611,0.946,ELECTRONIC,MALE,YES,HIGH_SCHOOL,TECHNICIAN,39,9,11
3,3,4,4,4,4,4,4,4,4,4,3,4,4,3,2,2,2,2,2,2,2,3,3,3,2,2,3,3,3,3,3,3,4,3,2,3,3,3,2,-0.593,-0.066,-0.046,-2.052,-0.962,-0.856,-0.614,FINANCE,FEMALE,NO,HIGH_SCHOOL,AGENT,29,7,3
4,4,4,4,5,4,4,4,4,5,4,3,3,5,5,2,4,2,4,3,2,2,4,4,5,4,3,4,4,4,4,4,4,4,4,5,4,3,3,4,0.452,0.232,0.612,-1.049,0.807,0.611,0.711,FINANCE,FEMALE,YES,HIGH_SCHOOL,AGENT,33,8,3
3,3,3,3,4,4,4,4,4,3,4,4,4,4,3,4,4,4,4,4,5,5,4,4,4,4,4,4,3,3,4,4,4,4,4,3,4,4,4,4,-1.329,-0.364,0.271,1.100,0.798,0.009,0.782,MEDICAL,MALE,NO,HIGH_SCHOOL,AGENT,44,20,10
4,4,5,4,4,4,4,4,4,4,4,4,4,4,4,4,4,4,4,4,3,3,4,4,4,4,4,4,4,3,4,4,4,4,4,4,4,4,4,4,0.497,-0.066,0.594,0.332,0.798,0.308,0.946,ELECTRONIC,FEMALE,NO,HIGH_SCHOOL,AGENT,25,5,11
4,3,4,3,3,4,4,3,4,4,3,4,2,2,3,3,3,4,4,4,3,3,3,3,3,3,3,3,3,3,3,3,3,3,4,4,3,3,3,3,-0.903,-0.465,-1.264,-0.042,-0.523,-0.856,-0.071,ELECTRONIC,FEMALE,YES,HIGH_SCHOOL,AGENT,31,4,11
5,4,5,4,3,4,5,4,5,4,3,3,4,4,4,4,3,3,3,4,4,3,3,3,3,3,3,4,4,4,4,3,4,3,4,4,4,4,3,3,0.550,0.745,-0.061,-0.076,-0.308,0.318,0.329,ELECTRONIC,FEMALE,YES,HIGH_SCHOOL,AGENT,41,2,14
4,4,5,5,5,5,5,5,5,5,4,3,4,4,4,3,3,2,2,2,2,2,3,3,3,1,2,2,2,2,2,4,4,3,3,3,3,3,3,3,1.188,1.822,0.278,-1.678,-1.403,-1.203,-0.423,FINANCE,FEMALE,NO,UNIVERSITY,AGENT,26,3,1
4,3,4,3,4,4,4,4,4,4,5,4,4,4,4,4,4,4,4,4,4,3,4,3,3,3,3,3,4,4,4,4,4,4,4,4,4,4,4,4,-0.575,-0.066,0.933,0.523,-0.297,0.611,0.946,FINANCE,FEMALE,NO,UNIVERSITY,AGENT,23,2,1
5,5,5,5,5,5,5,5,5,5,4,5,4,4,4,5,5,5,5,5,5,4,4,4,3,3,3,4,4,4,4,4,4,4,4,4,4,4,4,3,1.905,1.822,0.911,1.908,0.137,0.611,0.729,FINANCE,FEMALE,NO,UNIVERSITY,AGENT,24,1,2
4,4,4,4,4,4,4,4,4,4,4,4,3,3,4,2,4,2,2,2,2,2,4,4,4,4,4,4,4,4,4,3,4,4,4,3,3,4,3,3,0.124,-0.066,-0.004,-1.679,0.798,0.318,0.141,FINANCE,FEMALE,NO,UNIVERSITY,AGENT,26,5,3
4,4,5,5,5,4,4,4,4,4,5,5,5,3,5,4,5,5,4,5,5,5,5,4,5,5,5,5,5,4,5,5,5,4,4,4,4,4,4,4,1.188,-0.066,1.563,1.705,1.899,1.775,0.946,FINANCE,FEMALE,NO,UNIVERSITY,AGENT,30,7,3
5,4,5,4,4,4,4,4,5,4,4,4,3,3,3,4,4,3,3,3,2,4,3,4,3,2,2,3,4,3,2,3,3,3,3,2,2,2,3,3,0.878,0.337,-0.327,-0.293,-0.743,-0.862,-0.987,FINANCE,FEMALE,NO,UNIVERSITY,AGENT,26,3,4
4,4,4,4,4,4,4,4,4,4,4,4,4,4,4,4,4,4,4,4,4,4,4,4,4,3,3,3,4,4,3,3,3,4,4,3,4,4,3,4,0.124,-0.066,0.594,0.716,0.144,-0.254,0.571,FINANCE,FEMALE,NO,UNIVERSITY,AGENT,24,2,4
4,4,4,4,4,4,3,4,4,3,3,3,4,4,4,4,3,3,4,4,4,4,3,2,4,4,4,4,4,4,4,4,4,3,3,3,4,4,4,4,0.124,-0.772,-0.061,0.325,0.133,0.611,0.405,FINANCE,FEMALE,NO,UNIVERSITY,AGENT,48,23,6
4,4,4,4,4,4,4,4,4,4,3,3,3,3,3,4,4,4,4,4,4,4,3,3,3,3,3,3,3,3,3,3,3,4,4,4,4,4,4,4,0.124,-0.066,-0.983,0.716,-0.523,-0.856,0.946,FINANCE,FEMALE,NO,UNIVERSITY,AGENT,25,3,4
3,3,4,3,4,3,4,4,3,3,5,5,5,5,5,4,5,4,4,4,4,4,5,5,5,5,4,3,4,5,5,5,5,5,5,5,4,5,4,4,-0.957,-1.146,2.172,0.903,1.477,1.779,1.673,FINANCE,FEMALE,YES,UNIVERSITY,AGENT,33,6,3
4,4,4,4,3,4,4,4,4,3,4,4,4,4,4,3,4,3,3,3,3,3,4,4,4,4,4,4,4,4,4,4,4,4,4,4,4,4,4,4,-0.205,-0.364,0.594,-0.481,0.798,0.611,0.946,FINANCE,FEMALE,YES,UNIVERSITY,AGENT,39,10,3
4,4,5,5,5,4,4,4,4,3,4,4,4,4,4,3,4,3,4,4,4,4,4,4,4,3,4,4,5,5,5,5,5,4,3,4,4,4,3,4,1.188,-0.364,0.594,0.324,0.571,2.078,0.546,FINANCE,FEMALE,YES,UNIVERSITY,AGENT,32,7,3
4,4,4,4,4,4,4,4,4,4,4,4,3,3,4,2,4,4,4,4,3,3,4,3,4,4,4,4,4,4,4,4,4,4,4,3,3,3,3,3,0.124,-0.066,-0.004,-0.043,0.579,0.611,-0.046,FINANCE,FEMALE,YES,UNIVERSITY,AGENT,32,3,3
5,5,5,3,4,4,5,5,5,5,4,3,5,5,3,5,4,3,3,3,4,3,4,3,5,4,4,4,4,4,4,4,3,3,4,2,3,2,2,2,0.850,1.443,0.552,0.085,0.800,0.344,-1.012,FINANCE,FEMALE,YES,UNIVERSITY,AGENT,50,5,5
4,4,4,4,4,4,4,4,4,4,3,3,3,4,4,5,5,4,4,4,4,4,4,3,3,3,3,4,4,4,4,4,4,3,4,3,3,3,3,4,0.124,-0.066,-0.355,1.090,-0.082,0.611,-0.018,FINANCE,FEMALE,YES,UNIVERSITY,AGENT,38,10,6
4,3,4,4,3,4,5,4,5,4,4,5,4,4,4,5,5,4,4,5,4,4,3,3,3,3,3,3,4,4,4,4,4,4,4,4,4,5,4,4,-0.540,0.745,0.911,1.303,-0.523,0.611,1.132,FINANCE,FEMALE,YES,UNIVERSITY,AGENT,40,18,6
3,3,3,3,3,3,3,3,3,4,4,4,3,4,4,4,4,4,4,4,4,4,4,3,4,4,4,4,4,4,4,4,4,4,4,4,4,3,4,4,-1.658,-1.655,0.301,0.716,0.579,0.611,0.759,FINANCE,FEMALE,YES,UNIVERSITY,AGENT,34,6,6
4,4,4,4,4,4,4,4,4,4,3,3,3,3,3,2,2,2,2,2,2,2,3,3,3,3,3,3,4,2,3,3,3,2,4,2,2,2,2,2,0.124,-0.066,-0.983,-2.052,-0.523,-0.860,-1.415,FINANCE,MALE,NO,UNIVERSITY,AGENT,30,5,1
4,3,4,3,3,3,4,3,3,4,3,3,3,3,4,3,4,4,4,4,3,3,4,3,3,3,3,4,4,4,4,3,3,4,3,3,4,4,3,4,-0.903,-1.247,-0.659,0.144,-0.082,0.051,0.382,FINANCE,MALE,NO,UNIVERSITY,AGENT,32,5,6
4,3,4,3,4,4,4,4,4,4,4,3,3,4,4,3,4,4,4,4,4,4,3,3,3,3,3,3,4,4,3,3,3,4,4,4,4,4,4,4,-0.575,-0.066,-0.016,0.529,-0.523,-0.254,0.946,FINANCE,MALE,NO,UNIVERSITY,AGENT,31,3,6
4,4,3,3,4,4,4,4,4,3,5,4,4,4,5,2,4,2,2,2,2,2,3,4,4,4,4,4,4,4,4,4,4,3,3,3,3,4,4,4,-0.612,-0.364,1.257,-1.679,0.571,0.611,0.191,FINANCE,MALE,YES,UNIVERSITY,AGENT,30,4,3
4,3,4,4,5,4,4,4,4,4,4,3,3,3,3,4,4,4,4,3,2,3,2,2,3,2,1,1,3,3,1,3,2,3,2,1,1,1,1,1,0.117,-0.066,-0.644,-0.073,-2.049,-1.733,-2.595,MEDICAL,FEMALE,NO,UNIVERSITY,AGENT,24,2,7
4,3,5,5,5,4,4,4,5,5,4,4,5,5,4,4,4,2,4,4,4,4,4,4,4,4,4,3,4,4,4,4,4,5,5,3,3,3,3,4,0.853,0.635,1.192,0.307,0.583,0.611,0.548,MEDICAL,FEMALE,NO,UNIVERSITY,AGENT,28,5,7
4,3,4,4,3,3,4,4,4,2,4,3,4,4,4,4,4,2,3,3,3,3,3,3,4,3,4,4,4,4,4,4,4,4,4,4,4,4,4,3,-0.540,-1.041,0.278,-0.499,0.126,0.611,0.729,MEDICAL,FEMALE,NO,UNIVERSITY,AGENT,32,6,7
3,3,4,4,4,4,4,4,4,3,3,3,4,4,3,4,4,4,4,4,4,4,4,3,4,4,4,3,3,3,3,4,4,3,3,3,3,3,3,3,-0.593,-0.364,-0.385,0.716,0.364,-0.296,-0.423,MEDICAL,FEMALE,NO,UNIVERSITY,AGENT,28,5,7
3,3,4,4,4,4,4,4,4,4,4,4,4,4,3,3,4,3,3,3,3,3,4,4,3,3,3,4,4,4,4,4,3,4,4,4,4,4,4,4,-0.593,-0.066,0.271,-0.481,0.137,0.344,0.946,ELECTRONIC,FEMALE,NO,UNIVERSITY,AGENT,22,1,15
4,4,4,4,4,4,4,4,4,4,5,5,5,5,5,4,4,4,4,4,4,4,4,4,4,4,4,4,5,5,5,5,5,5,5,5,5,5,5,5,0.124,-0.066,2.172,0.716,0.798,2.078,2.315,ELECTRONIC,FEMALE,NO,UNIVERSITY,AGENT,28,1,12
4,4,4,4,4,4,4,4,4,4,4,4,4,4,4,4,4,4,4,4,4,4,4,4,4,4,4,4,4,4,4,4,4,4,4,4,4,4,4,4,0.124,-0.066,0.594,0.716,0.798,0.611,0.946,ELECTRONIC,FEMALE,YES,UNIVERSITY,AGENT,30,1,13
3,2,4,2,3,3,3,2,3,2,4,3,4,4,3,3,3,3,3,3,2,2,4,4,4,4,4,4,4,4,4,4,4,3,2,3,3,1,1,1,-1.984,-2.651,-0.046,-1.052,0.798,0.611,-1.841,ELECTRONIC,MALE,NO,UNIVERSITY,AGENT,25,4,11
4,4,4,4,4,4,4,4,4,4,4,3,4,4,4,3,4,3,3,3,4,3,4,3,4,4,4,4,4,4,4,4,4,4,3,3,3,3,4,3,0.124,-0.066,0.278,-0.290,0.579,0.611,-0.023,ELECTRONIC,MALE,NO,UNIVERSITY,AGENT,28,2,12
5,5,5,5,5,4,5,5,5,5,2,3,1,1,3,2,1,1,2,1,1,2,2,2,1,1,3,1,4,2,3,3,3,2,3,1,3,3,1,2,1.905,1.443,-2.517,-2.848,-2.295,-0.860,-1.578,ELECTRONIC,MALE,NO,UNIVERSITY,AGENT,24,1,16
4,4,4,4,4,4,4,4,4,4,4,4,4,4,4,4,4,4,4,4,4,4,4,4,3,3,3,4,4,3,4,4,3,4,4,3,3,3,3,3,0.124,-0.066,0.594,0.716,0.137,0.041,-0.046,ELECTRONIC,MALE,NO,UNIVERSITY,AGENT,24,2,16
4,4,4,4,4,4,4,4,4,5,4,3,3,3,3,4,4,4,3,4,4,3,4,3,4,4,4,4,5,5,5,5,4,4,4,4,3,3,3,4,0.124,0.232,-0.644,0.315,0.579,1.811,0.334,ELECTRONIC,MALE,YES,UNIVERSITY,AGENT,33,4,11
4,4,5,5,5,4,5,5,4,4,4,5,5,4,4,4,5,3,3,3,4,3,4,4,4,3,4,3,5,4,4,5,4,4,5,5,4,4,4,5,1.188,0.742,1.205,0.084,0.356,1.203,1.514,ELECTRONIC,MALE,YES,UNIVERSITY,AGENT,30,1,12
5,5,5,5,4,5,5,5,5,5,3,3,3,3,3,4,4,3,3,4,3,3,3,4,2,1,1,1,4,2,3,2,1,5,3,3,3,3,3,3,1.577,1.822,-0.983,-0.081,-1.833,-1.687,-0.046,FINANCE,FEMALE,NO,UNIVERSITY,MANAGER,42,12,4
3,3,3,3,3,3,3,3,3,3,2,2,2,2,2,1,4,1,1,1,1,1,3,3,3,3,3,3,3,3,3,3,3,2,2,2,2,3,2,2,-1.658,-1.953,-2.560,-2.876,-0.523,-0.856,-1.605,FINANCE,FEMALE,YES,UNIVERSITY,MANAGER,32,13,1
4,4,4,4,3,4,4,4,4,4,3,4,4,4,4,3,4,4,4,4,4,4,3,4,3,3,4,4,4,4,4,4,4,4,4,4,4,4,4,4,-0.205,-0.066,0.256,0.529,0.123,0.611,0.946,FINANCE,MALE,NO,UNIVERSITY,MANAGER,35,10,3
4,4,4,4,4,4,4,4,4,4,3,2,2,3,3,3,3,3,3,3,3,3,3,4,3,3,3,3,3,3,3,3,3,2,4,3,3,3,3,3,0.124,-0.066,-1.593,-0.668,-0.304,-0.856,-0.423,FINANCE,MALE,YES,UNIVERSITY,MANAGER,42,20,1
5,5,5,4,4,4,4,4,5,4,5,4,5,5,5,3,5,3,3,5,5,5,5,5,5,5,5,5,5,5,5,5,5,5,5,5,5,5,5,5,1.214,0.337,1.855,0.900,2.118,2.078,2.315,FINANCE,MALE,YES,UNIVERSITY,MANAGER,41,13,3
4,3,4,3,4,4,4,4,4,4,4,4,4,3,3,4,4,3,3,3,3,4,4,4,3,4,3,4,3,3,3,4,3,3,3,3,3,3,3,3,-0.575,-0.066,-0.034,-0.101,0.364,-0.563,-0.423,FINANCE,MALE,YES,UNIVERSITY,MANAGER,34,10,4
4,4,4,3,5,4,4,3,4,3,4,4,4,5,5,4,4,3,5,5,4,4,4,4,4,3,4,5,5,4,4,5,5,4,5,4,4,4,5,5,0.089,-0.764,1.223,0.933,0.786,1.470,1.562,FINANCE,MALE,YES,UNIVERSITY,MANAGER,50,16,5
5,4,5,4,5,4,5,4,5,5,4,4,5,5,4,5,5,5,5,5,5,5,4,4,4,4,4,4,5,5,5,5,4,4,5,4,3,4,3,4,1.206,1.044,1.192,2.100,0.798,1.811,0.709,FINANCE,MALE,YES,UNIVERSITY,MANAGER,38,17,6
4,5,4,5,4,4,5,4,4,4,4,4,4,4,4,5,4,4,4,4,4,4,4,4,5,4,4,4,5,5,4,4,4,3,4,4,4,4,3,3,0.823,0.342,0.594,0.903,1.019,1.213,0.329,FINANCE,MALE,YES,UNIVERSITY,MANAGER,52,22,6
5,4,5,4,5,5,5,4,5,5,5,5,4,5,5,5,4,4,3,5,5,5,4,4,4,3,4,3,4,4,4,4,3,4,4,3,4,1,4,4,1.206,1.422,1.878,1.292,0.356,0.344,0.223,MEDICAL,FEMALE,YES,UNIVERSITY,MANAGER,40,12,9
4,3,4,4,4,4,5,5,5,5,5,5,5,5,5,5,5,5,5,4,4,5,5,5,5,5,5,5,5,5,5,5,5,5,5,5,5,5,5,5,-0.212,1.443,2.172,1.696,2.118,2.078,2.315,MEDICAL,MALE,YES,UNIVERSITY,MANAGER,37,11,9
4,2,4,4,4,4,4,4,4,4,2,2,3,3,3,2,4,3,3,3,3,3,4,4,3,4,4,4,4,4,4,4,4,4,4,4,4,4,4,4,-0.547,-0.066,-1.638,-0.669,0.576,0.611,0.946,MEDICAL,MALE,YES,UNIVERSITY,MANAGER,35,2,9
4,3,4,3,3,3,4,4,4,3,4,4,3,3,3,4,3,3,2,3,4,3,3,4,3,2,4,3,4,4,3,4,4,3,3,3,4,4,4,4,-0.903,-0.743,-0.327,-0.498,-0.318,0.306,0.405,ELECTRONIC,FEMALE,NO,UNIVERSITY,MANAGER,25,1,16
4,3,4,3,3,4,4,4,4,4,3,3,3,3,3,4,4,3,3,4,3,4,3,4,3,3,3,2,4,4,4,4,3,4,4,3,3,4,3,3,-0.903,-0.066,-0.983,0.111,-0.519,0.344,0.141,ELECTRONIC,MALE,YES,UNIVERSITY,MANAGER,34,2,11
4,3,4,3,4,4,4,4,4,4,4,3,4,4,4,3,4,4,4,4,4,3,4,4,4,4,4,3,3,4,3,4,3,4,3,4,4,3,3,3,-0.575,-0.066,0.278,0.336,0.583,-0.260,0.143,ELECTRONIC,MALE,YES,UNIVERSITY,MANAGER,29,4,15
3,5,3,3,5,4,4,4,4,5,3,3,4,3,3,3,4,4,4,4,4,3,4,3,4,3,4,4,3,2,5,5,3,4,4,4,4,5,4,3,-0.330,0.232,-0.689,0.336,0.352,0.037,0.916,ELECTRONIC,MALE,YES,UNIVERSITY,MANAGER,28,2,17
4,4,4,4,4,4,4,4,4,4,4,4,4,4,4,4,4,3,4,4,3,3,4,4,4,4,4,4,4,4,4,4,4,4,4,4,4,3,3,4,0.124,-0.066,0.594,0.127,0.798,0.611,0.548,ELECTRONIC,MALE,YES,UNIVERSITY,MANAGER,37,6,11
5,5,5,5,5,5,5,5,5,5,4,4,4,4,4,5,4,4,4,4,4,4,4,4,4,4,4,2,4,4,4,4,4,4,4,4,4,4,4,4,1.905,1.822,0.594,0.903,0.368,0.611,0.946,FINANCE,FEMALE,NO,UNIVERSITY,OPERATOR,28,4,3
5,5,5,5,5,5,5,5,5,5,5,5,5,5,5,5,5,5,5,5,5,5,5,5,5,5,5,3,5,5,5,5,5,5,5,5,5,5,5,5,1.905,1.822,2.172,2.100,1.689,2.078,2.315,FINANCE,FEMALE,NO,UNIVERSITY,OPERATOR,27,2,3
4,4,4,4,4,4,4,4,4,4,5,4,4,4,4,4,4,4,4,4,4,4,5,4,5,5,5,4,4,4,4,5,5,4,4,4,4,4,4,4,0.124,-0.066,0.933,0.716,1.684,1.171,0.946,FINANCE,FEMALE,NO,UNIVERSITY,OPERATOR,31,7,3
4,4,4,4,4,4,4,4,4,4,4,4,4,4,4,1,2,2,2,2,2,2,5,4,5,5,5,5,5,5,5,5,5,5,5,4,4,5,4,4,0.124,-0.066,0.594,-2.239,1.899,2.078,1.510,FINANCE,FEMALE,NO,UNIVERSITY,OPERATOR,30,5,3
2,2,4,3,4,4,4,4,4,3,3,3,2,2,3,4,3,3,3,4,2,4,2,2,2,2,2,2,2,2,2,2,2,3,2,2,2,2,2,4,-1.674,-0.364,-1.581,-0.267,-1.844,-2.323,-1.171,FINANCE,FEMALE,NO,UNIVERSITY,OPERATOR,26,2,4
4,4,4,4,4,4,3,4,4,4,4,4,5,5,4,4,4,3,2,2,3,3,2,2,2,3,4,2,3,3,2,3,3,2,2,2,2,2,2,2,0.124,-0.474,1.192,-0.715,-1.193,-1.161,-1.792,FINANCE,FEMALE,NO,UNIVERSITY,OPERATOR,22,1,6
5,5,5,5,5,5,5,5,5,5,3,3,1,3,3,3,5,1,1,1,1,1,3,5,3,3,3,3,5,5,4,4,2,3,4,1,4,3,1,4,1.905,1.822,-1.570,-2.315,-0.085,0.678,-0.555,FINANCE,FEMALE,YES,UNIVERSITY,OPERATOR,33,9,6
4,4,4,4,4,4,4,4,4,4,3,3,4,3,4,4,4,3,3,4,3,3,2,3,3,2,2,3,2,3,3,3,2,3,3,3,3,3,3,3,0.124,-0.066,-0.365,-0.081,-1.188,-1.422,-0.423,FINANCE,FEMALE,YES,UNIVERSITY,OPERATOR,29,10,6
4,3,3,3,4,3,3,4,3,4,3,3,4,3,4,4,4,3,4,3,4,4,2,3,3,4,3,3,4,3,4,4,3,3,4,3,4,3,3,4,-0.948,-1.256,-0.365,0.299,-0.523,0.041,0.196,FINANCE,MALE,NO,UNIVERSITY,OPERATOR,24,1,1
5,5,5,5,5,5,5,5,5,5,4,5,4,4,5,5,4,4,5,4,4,4,4,4,4,5,5,3,4,5,5,4,5,4,5,4,4,4,4,4,1.905,1.822,1.235,1.112,1.022,1.486,1.134,FINANCE,MALE,NO,UNIVERSITY,OPERATOR,30,5,3
5,4,5,4,4,5,4,4,4,4,5,5,5,5,5,5,5,4,4,5,4,4,5,4,4,4,5,2,5,5,4,4,4,5,4,4,4,4,4,4,0.878,0.313,2.172,1.303,0.807,1.213,1.135,FINANCE,MALE,NO,UNIVERSITY,OPERATOR,30,3,3
5,4,5,5,5,4,4,4,4,4,4,4,4,4,4,4,4,4,4,4,4,4,5,4,5,5,4,4,4,4,4,4,4,4,4,4,4,4,4,4,1.570,-0.066,0.594,0.716,1.472,0.611,0.946,FINANCE,MALE,YES,UNIVERSITY,OPERATOR,39,8,3
3,3,4,4,4,4,4,4,4,3,4,4,4,3,4,3,4,4,4,4,4,3,3,2,2,2,2,2,4,3,4,3,3,4,3,4,3,3,3,4,-0.593,-0.364,0.290,0.336,-1.617,-0.252,0.145,FINANCE,MALE,YES,UNIVERSITY,OPERATOR,32,7,6
4,4,4,4,4,4,4,4,4,4,3,3,3,3,3,3,4,3,3,3,3,3,2,2,2,2,2,2,3,3,3,4,4,4,4,4,4,4,4,4,0.124,-0.066,-0.983,-0.481,-1.844,-0.296,0.946,FINANCE,MALE,YES,UNIVERSITY,OPERATOR,35,15,6
5,5,5,5,5,5,5,5,5,5,4,4,5,3,4,2,5,2,2,2,2,2,3,3,4,3,3,3,4,4,4,4,4,3,3,2,2,2,4,3,1.905,1.822,0.584,-1.492,-0.301,0.611,-0.775,MEDICAL,FEMALE,NO,UNIVERSITY,OPERATOR,31,7,9
4,2,3,3,4,4,5,4,5,5,4,3,3,5,4,4,5,4,4,2,3,3,3,3,3,2,4,2,5,1,5,1,2,1,5,2,2,1,1,2,-1.283,1.044,0.288,0.093,-0.752,-1.107,-1.813,MEDICAL,FEMALE,NO,UNIVERSITY,OPERATOR,33,7,10
5,5,5,5,5,5,5,5,5,5,3,3,4,3,3,4,3,2,2,2,2,2,2,2,3,2,2,2,4,3,5,4,5,4,3,5,5,2,2,3,1.905,1.822,-0.689,-1.491,-1.622,0.880,0.122,MEDICAL,FEMALE,YES,UNIVERSITY,OPERATOR,34,5,9
4,4,3,3,4,5,4,4,4,3,3,3,4,4,5,2,5,4,4,5,4,4,4,4,4,4,4,4,3,3,3,5,4,4,3,5,5,2,3,3,-0.612,0.015,0.263,0.741,0.798,-0.003,0.333,ELECTRONIC,MALE,NO,UNIVERSITY,OPERATOR,27,1,12
5,5,4,4,4,5,5,5,5,4,4,4,4,3,4,4,4,4,4,3,5,3,4,4,4,4,3,4,5,4,5,4,4,4,4,5,4,3,4,4,0.841,1.524,0.290,0.502,0.585,1.215,0.923,ELECTRONIC,MALE,NO,UNIVERSITY,OPERATOR,25,1,12
5,5,5,5,5,5,5,5,5,5,5,4,3,3,5,3,5,3,3,3,3,3,4,4,3,3,5,4,4,4,4,4,4,4,4,4,4,4,4,4,1.905,1.822,0.659,-0.295,0.561,0.611,0.946,ELECTRONIC,MALE,NO,UNIVERSITY,OPERATOR,25,1,15
3,3,3,3,3,3,3,3,4,4,2,3,3,3,3,2,3,2,2,2,3,3,3,3,3,2,3,3,4,3,3,3,3,4,3,3,3,3,3,3,-1.658,-1.252,-1.321,-1.481,-0.750,-0.557,-0.234,ELECTRONIC,MALE,NO,UNIVERSITY,OPERATOR,25,2,17
5,5,5,5,5,5,5,5,5,5,5,5,5,5,5,4,5,4,4,5,4,4,5,5,5,5,5,5,4,5,5,5,5,4,4,5,5,4,4,4,1.905,1.822,2.172,1.116,2.118,1.779,1.323,ELECTRONIC,MALE,NO,UNIVERSITY,OPERATOR,26,1,17
4,3,4,3,3,4,4,4,3,4,4,4,4,3,4,3,4,4,4,4,4,3,4,4,3,3,4,3,3,4,4,4,3,5,3,5,4,4,3,4,-0.903,-0.469,0.290,0.336,0.135,0.045,0.898,ELECTRONIC,MALE,NO,UNIVERSITY,OPERATOR,25,1,17
4,4,4,4,4,4,4,3,3,3,3,3,3,3,3,3,4,4,3,4,3,3,3,2,2,2,2,2,2,2,2,2,2,2,2,2,2,3,3,3,0.124,-1.167,-0.983,-0.064,-1.617,-2.323,-1.177,ELECTRONIC,MALE,YES,UNIVERSITY,OPERATOR,31,5,12
3,3,3,3,4,4,4,4,4,4,4,3,4,4,4,3,4,4,4,4,4,4,4,4,4,4,4,4,4,4,4,4,4,4,4,3,3,4,3,3,-1.329,-0.066,0.278,0.529,0.798,0.611,0.141,FINANCE,FEMALE,NO,UNIVERSITY,TECHNICIAN,30,5,3
4,4,4,4,4,4,4,4,4,4,3,4,2,2,3,4,4,4,4,4,3,2,4,2,2,2,2,3,4,3,3,3,2,4,4,2,2,2,2,2,0.124,-0.066,-1.264,0.139,-1.176,-0.824,-1.037,FINANCE,FEMALE,NO,UNIVERSITY,TECHNICIAN,34,10,4
4,4,5,5,3,3,4,4,4,4,5,5,5,4,4,4,5,2,2,4,4,3,5,4,4,4,4,3,3,4,4,4,4,3,4,5,4,4,4,4,0.532,-0.444,1.543,-0.116,0.809,0.312,0.920,FINANCE,FEMALE,NO,UNIVERSITY,TECHNICIAN,36,6,5
4,4,4,4,5,5,4,5,5,4,4,5,3,4,4,5,5,5,4,4,5,4,4,4,4,4,4,4,4,4,4,4,3,3,4,2,3,3,3,3,0.452,1.115,0.617,1.486,0.798,0.344,-0.398,FINANCE,FEMALE,NO,UNIVERSITY,TECHNICIAN,26,2,6
5,5,5,5,5,5,5,5,5,5,3,3,3,3,3,4,4,4,4,4,4,4,3,3,3,4,3,4,4,4,4,4,4,3,3,3,3,3,3,3,1.905,1.822,-0.983,0.716,-0.082,0.611,-0.423,FINANCE,FEMALE,NO,UNIVERSITY,TECHNICIAN,25,2,4
3,3,5,5,4,4,4,4,4,3,3,3,3,3,3,3,4,1,4,3,1,1,1,1,1,1,1,1,4,3,3,3,1,4,4,2,1,1,1,1,0.143,-0.364,-0.983,-1.451,-3.165,-1.092,-1.866,FINANCE,FEMALE,NO,UNIVERSITY,TECHNICIAN,28,2,4
5,5,5,5,5,5,5,5,5,5,4,4,4,3,4,4,4,4,4,4,4,4,4,4,3,3,3,4,4,4,4,4,3,4,4,4,4,4,3,4,1.905,1.822,0.290,0.716,0.137,0.344,0.734,FINANCE,FEMALE,YES,UNIVERSITY,TECHNICIAN,38,15,2
5,5,5,5,5,5,5,5,5,5,4,4,4,3,4,4,4,4,4,4,4,4,4,4,3,3,3,4,4,4,4,4,3,4,4,4,4,4,3,4,1.905,1.822,0.290,0.716,0.137,0.344,0.734,FINANCE,FEMALE,YES,UNIVERSITY,TECHNICIAN,43,21,2
5,4,4,4,4,4,3,4,4,3,3,4,4,4,4,3,4,3,3,4,3,4,4,5,5,3,4,4,4,4,4,4,4,2,2,2,3,2,2,4,0.505,-0.772,0.256,-0.076,1.012,0.611,-1.146,FINANCE,FEMALE,YES,UNIVERSITY,TECHNICIAN,35,5,5
4,4,4,4,4,4,4,4,4,4,4,4,4,4,4,4,4,3,4,4,4,4,4,4,4,4,4,4,4,4,4,4,4,4,4,4,4,4,4,4,0.124,-0.066,0.594,0.512,0.798,0.611,0.946,FINANCE,FEMALE,YES,UNIVERSITY,TECHNICIAN,40,3,5
4,3,4,3,4,3,4,3,4,3,3,3,2,4,3,2,4,3,4,2,2,2,2,2,2,2,2,2,4,2,2,2,2,2,2,2,2,2,2,2,-0.575,-1.142,-0.972,-1.057,-1.844,-1.725,-1.792,FINANCE,FEMALE,YES,UNIVERSITY,TECHNICIAN,40,17,6
3,3,4,4,4,4,4,4,4,3,4,4,4,3,4,4,4,4,4,4,3,4,4,4,3,3,3,3,4,4,4,4,3,4,4,3,4,4,4,4,-0.593,-0.364,0.290,0.524,-0.078,0.344,0.782,FINANCE,MALE,NO,UNIVERSITY,TECHNICIAN,35,10,4
4,3,5,4,4,5,5,5,5,5,3,3,3,3,3,4,5,4,3,4,3,3,3,4,3,2,3,4,4,4,4,3,2,3,3,3,3,4,3,4,0.161,1.822,-0.983,0.310,-0.316,-0.217,-0.020,FINANCE,MALE,NO,UNIVERSITY,TECHNICIAN,27,2,4
4,3,3,3,4,4,4,4,3,4,3,4,3,4,4,4,4,3,3,3,3,3,2,3,2,1,1,3,3,3,3,2,3,3,4,4,3,3,3,3,-0.948,-0.469,-0.038,-0.294,-1.849,-1.149,-0.071,FINANCE,MALE,NO,UNIVERSITY,TECHNICIAN,30,3,4
4,4,4,4,4,4,4,4,4,4,4,4,4,4,4,4,4,4,4,4,4,4,4,4,3,3,3,3,4,3,4,4,3,4,4,3,3,4,4,4,0.124,-0.066,0.594,0.716,-0.078,0.041,0.569,FINANCE,MALE,YES,UNIVERSITY,TECHNICIAN,32,10,4
4,4,4,4,4,4,4,4,4,4,4,4,3,3,3,4,4,4,4,3,3,3,2,2,3,2,1,2,2,2,2,2,1,2,4,2,1,2,2,2,0.124,-0.066,-0.327,0.119,-1.834,-2.590,-1.628,FINANCE,MALE,YES,UNIVERSITY,TECHNICIAN,36,10,4
5,5,4,5,5,4,5,4,4,5,4,5,5,5,5,4,5,4,4,4,5,5,4,4,4,4,5,4,2,4,4,5,5,5,5,3,4,5,4,5,1.532,0.641,1.833,1.287,1.010,0.573,1.563,FINANCE,MALE,YES,UNIVERSITY,TECHNICIAN,40,8,5
3,5,4,5,4,5,3,5,4,5,4,5,4,5,4,4,5,5,5,4,4,4,4,4,5,5,4,4,4,4,4,5,5,4,5,4,5,5,4,4,0.441,0.602,1.215,1.316,1.246,1.171,1.535,FINANCE,MALE,YES,UNIVERSITY,TECHNICIAN,35,8,5
3,3,3,4,4,5,5,5,5,5,3,3,3,3,3,3,4,3,3,2,1,1,2,2,2,3,3,3,3,2,3,3,3,3,2,1,2,2,2,2,-0.966,1.822,-0.983,-1.463,-1.190,-1.159,-1.767,FINANCE,MALE,YES,UNIVERSITY,TECHNICIAN,35,9,6
4,4,4,4,4,4,4,4,4,4,4,4,4,4,4,4,5,5,4,4,4,4,4,3,4,4,3,4,4,4,4,4,4,4,4,4,4,4,4,4,0.124,-0.066,0.594,1.107,0.366,0.611,0.946,FINANCE,MALE,YES,UNIVERSITY,TECHNICIAN,42,18,2
4,4,4,4,4,4,4,4,4,2,4,4,4,4,4,4,4,4,4,4,4,4,4,4,4,4,4,4,4,4,4,4,4,4,4,4,4,4,4,4,0.124,-0.662,0.594,0.716,0.798,0.611,0.946,FINANCE,MALE,YES,UNIVERSITY,TECHNICIAN,50,25,6
4,4,4,4,3,4,4,4,4,3,4,4,4,3,4,4,3,3,4,3,3,2,3,3,3,3,3,3,3,3,3,3,3,2,2,3,3,3,2,2,-0.205,-0.364,0.290,-0.465,-0.523,-0.856,-1.228,MEDICAL,FEMALE,NO,UNIVERSITY,TECHNICIAN,30,5,7
4,4,4,4,4,4,4,4,4,4,4,4,4,4,4,4,4,4,4,4,4,3,4,4,4,4,4,4,3,3,3,4,4,3,3,3,4,3,3,3,0.124,-0.066,0.594,0.523,0.798,-0.296,-0.209,MEDICAL,FEMALE,NO,UNIVERSITY,TECHNICIAN,28,6,7
3,3,4,4,4,3,4,4,5,5,3,3,3,3,4,3,3,2,2,3,3,3,2,2,3,3,3,3,4,3,4,4,3,4,4,3,3,3,3,4,-0.593,0.257,-0.659,-1.081,-0.969,0.041,0.171,MEDICAL,FEMALE,NO,UNIVERSITY,TECHNICIAN,31,5,7
4,4,4,3,4,3,4,3,4,4,4,4,3,3,4,4,4,3,3,3,3,3,3,3,3,3,3,3,3,3,3,3,3,3,3,3,3,3,3,3,-0.240,-0.844,-0.004,-0.294,-0.523,-0.856,-0.423,MEDICAL,FEMALE,NO,UNIVERSITY,TECHNICIAN,23,1,7
4,4,4,4,4,3,3,3,3,3,4,4,4,4,4,4,4,4,4,4,4,4,3,3,3,3,3,3,3,3,3,3,3,3,3,3,3,3,3,3,0.124,-1.953,0.594,0.716,-0.523,-0.856,-0.423,MEDICAL,FEMALE,NO,UNIVERSITY,TECHNICIAN,26,4,7
4,4,3,3,4,4,4,3,3,4,4,4,3,3,4,4,4,4,3,4,3,3,4,3,4,3,4,4,4,4,4,4,4,3,4,3,3,3,3,3,-0.612,-0.868,-0.004,0.123,0.352,0.611,-0.235,MEDICAL,FEMALE,NO,UNIVERSITY,TECHNICIAN,31,9,8
5,2,2,2,2,3,4,3,5,3,2,2,4,3,2,2,2,2,3,2,2,2,2,2,2,2,2,2,3,3,3,3,3,3,2,2,2,2,2,2,-2.295,-0.739,-1.668,-1.844,-1.844,-0.856,-1.603,MEDICAL,FEMALE,NO,UNIVERSITY,TECHNICIAN,24,2,8
4,4,4,4,4,4,4,4,4,4,4,4,3,3,3,4,4,4,4,4,4,4,4,4,4,4,4,4,4,4,4,4,4,4,4,4,4,4,4,4,0.124,-0.066,-0.327,0.716,0.798,0.611,0.946,MEDICAL,FEMALE,NO,UNIVERSITY,TECHNICIAN,25,3,8
4,4,4,4,4,4,4,4,4,4,4,3,3,3,3,3,3,4,4,4,2,2,3,3,3,3,3,3,3,3,3,3,3,3,4,4,3,3,3,3,0.124,-0.066,-0.644,-0.427,-0.523,-0.856,-0.071,MEDICAL,FEMALE,NO,UNIVERSITY,TECHNICIAN,20,1,8
4,4,4,3,3,3,3,3,4,3,3,3,4,3,4,3,3,3,4,3,3,4,2,2,2,2,3,2,2,3,3,3,3,2,2,3,2,2,2,2,-0.568,-1.550,-0.365,-0.267,-1.632,-1.155,-1.628,MEDICAL,FEMALE,NO,UNIVERSITY,TECHNICIAN,21,1,8
4,2,4,2,3,4,4,3,3,3,4,2,4,4,3,2,4,2,2,2,2,3,3,3,4,4,4,3,2,2,2,4,2,3,3,2,2,2,2,3,-1.602,-1.167,-0.363,-1.486,0.137,-1.737,-1.198,MEDICAL,FEMALE,NO,UNIVERSITY,TECHNICIAN,35,10,9
5,4,5,4,5,5,5,5,5,5,4,4,4,4,4,3,4,4,4,4,3,3,4,3,3,4,4,4,4,4,3,3,4,4,3,3,4,3,4,4,1.206,1.822,0.594,0.144,0.357,0.013,0.407,MEDICAL,FEMALE,NO,UNIVERSITY,TECHNICIAN,30,5,10
4,4,3,3,4,4,4,4,4,4,4,5,5,5,5,5,5,5,5,3,3,3,3,3,3,3,4,3,4,3,3,4,3,3,3,3,3,2,2,3,-0.612,-0.066,1.833,0.906,-0.311,-0.264,-0.821,MEDICAL,FEMALE,NO,UNIVERSITY,TECHNICIAN,26,4,10
3,3,3,3,4,4,4,4,4,4,4,3,4,4,4,3,4,4,4,4,4,4,3,2,4,4,4,4,4,3,4,3,3,2,4,3,3,2,2,3,-1.329,-0.066,0.278,0.529,0.133,-0.252,-0.821,MEDICAL,FEMALE,NO,UNIVERSITY,TECHNICIAN,24,1,10
3,3,4,4,3,3,3,3,3,4,4,4,4,4,3,3,4,3,4,3,5,4,3,3,3,3,3,3,4,5,4,4,5,4,4,3,3,5,3,4,-0.922,-1.655,0.271,0.303,-0.523,1.181,0.544,MEDICAL,FEMALE,NO,UNIVERSITY,TECHNICIAN,23,1,10
4,4,4,4,4,5,4,4,4,3,4,4,4,3,4,3,4,4,4,4,3,3,3,3,3,4,3,3,3,4,4,4,4,4,4,4,3,3,3,4,0.124,0.015,0.290,0.144,-0.297,0.312,0.334,MEDICAL,FEMALE,NO,UNIVERSITY,TECHNICIAN,23,1,10
4,2,3,2,4,4,2,3,3,3,4,4,4,3,4,3,3,3,3,3,3,3,3,4,4,4,4,4,3,2,3,3,4,3,3,3,3,3,3,3,-1.647,-1.983,0.290,-0.668,0.571,-0.892,-0.423,MEDICAL,FEMALE,NO,UNIVERSITY,TECHNICIAN,23,1,10
2,2,3,3,3,2,3,3,2,3,3,3,4,3,3,2,3,4,3,2,3,4,3,3,4,3,2,3,4,3,2,3,4,3,3,2,3,3,4,3,-2.375,-2.735,-0.689,-0.671,-0.514,-0.595,-0.375,MEDICAL,FEMALE,NO,UNIVERSITY,TECHNICIAN,24,1,10
3,3,3,3,4,3,4,3,3,4,4,3,3,3,3,3,3,4,3,4,3,3,3,3,3,3,3,3,3,3,4,3,3,4,3,4,3,3,3,4,-1.329,-1.247,-0.644,-0.251,-0.523,-0.551,0.145,MEDICAL,FEMALE,NO,UNIVERSITY,TECHNICIAN,25,2,10
5,4,5,4,5,3,4,5,5,5,5,5,5,3,4,4,5,3,4,5,5,5,3,3,3,4,4,3,4,4,4,4,4,3,3,4,4,3,3,3,1.206,0.656,1.239,1.295,-0.084,0.611,-0.046,MEDICAL,FEMALE,NO,UNIVERSITY,TECHNICIAN,24,2,10
3,3,3,3,4,4,4,4,4,4,4,3,4,4,4,3,4,3,3,3,3,4,3,3,4,4,4,3,4,4,4,4,4,4,4,3,3,3,3,3,-1.329,-0.066,0.278,-0.289,0.137,0.611,-0.046,MEDICAL,FEMALE,NO,UNIVERSITY,TECHNICIAN,24,1,10
5,5,3,3,4,5,5,3,3,5,4,4,3,3,3,5,5,4,4,3,3,3,4,4,4,4,4,4,4,4,4,4,4,2,4,4,4,4,4,4,0.105,0.217,-0.327,0.493,0.798,0.611,0.568,MEDICAL,FEMALE,NO,UNIVERSITY,TECHNICIAN,23,1,10
4,3,4,3,3,3,3,4,4,3,3,3,3,4,2,1,1,1,3,1,1,4,2,1,1,1,1,1,1,1,1,1,1,3,1,1,1,1,1,1,-0.903,-1.151,-1.002,-2.441,-2.938,-3.790,-2.783,MEDICAL,FEMALE,NO,UNIVERSITY,TECHNICIAN,23,1,10
4,4,3,4,4,3,3,4,3,3,4,4,3,3,4,3,4,4,4,4,4,4,3,3,3,3,3,3,3,3,3,4,3,3,3,3,3,3,3,3,-0.249,-1.554,-0.004,0.529,-0.523,-0.563,-0.423,MEDICAL,FEMALE,NO,UNIVERSITY,TECHNICIAN,23,1,10
5,5,5,5,5,5,5,5,5,5,5,5,5,5,5,3,4,4,3,4,4,4,2,4,4,4,4,4,4,4,4,4,4,3,3,4,3,4,4,4,1.905,1.822,2.172,0.320,0.345,0.611,0.355,MEDICAL,FEMALE,NO,UNIVERSITY,TECHNICIAN,25,2,9
4,4,4,4,4,4,4,4,4,4,3,3,4,4,3,4,4,2,3,2,2,3,2,1,2,3,2,2,3,3,2,3,2,2,3,2,3,2,2,3,0.124,-0.066,-0.385,-0.903,-1.836,-1.428,-1.173,MEDICAL,FEMALE,NO,UNIVERSITY,TECHNICIAN,23,1,10
4,4,4,4,4,4,4,4,4,4,4,4,4,4,4,3,4,4,4,3,4,4,3,3,3,3,3,3,4,4,4,4,4,4,3,3,3,3,4,4,0.124,-0.066,0.594,0.316,-0.523,0.611,0.194,MEDICAL,FEMALE,NO,UNIVERSITY,TECHNICIAN,24,3,10
4,3,3,3,4,4,4,4,4,4,4,4,4,4,4,4,4,4,4,4,5,5,3,3,3,4,4,4,4,4,4,5,3,3,3,3,3,3,3,3,-0.948,-0.066,0.594,1.100,0.130,0.637,-0.423,MEDICAL,FEMALE,NO,UNIVERSITY,TECHNICIAN,24,1,10
3,3,4,4,4,4,4,4,4,4,3,3,3,3,3,4,4,4,4,4,2,2,3,2,3,3,3,3,3,3,3,3,3,3,3,2,3,3,4,4,-0.593,-0.066,-0.983,-0.053,-0.742,-0.856,-0.158,MEDICAL,FEMALE,YES,UNIVERSITY,TECHNICIAN,28,6,7
3,2,3,2,3,3,4,3,4,2,3,4,3,3,2,4,3,4,3,4,3,4,3,3,4,3,3,4,2,3,3,2,2,3,2,2,3,2,3,4,-2.356,-1.441,-0.990,0.129,-0.087,-1.715,-0.745,MEDICAL,FEMALE,YES,UNIVERSITY,TECHNICIAN,30,5,7
5,3,5,3,4,3,5,3,3,4,4,3,3,3,4,4,4,4,4,4,4,4,4,4,5,2,2,2,3,3,3,4,2,2,3,5,5,4,3,3,0.179,-0.839,-0.320,0.716,-0.288,-0.830,0.329,MEDICAL,FEMALE,YES,UNIVERSITY,TECHNICIAN,38,5,7
4,4,4,4,3,4,4,4,4,4,4,4,4,4,3,3,4,4,4,4,4,4,2,4,4,4,4,4,4,4,4,4,4,4,4,3,4,4,4,3,-0.205,-0.066,0.271,0.529,0.345,0.611,0.566,MEDICAL,FEMALE,YES,UNIVERSITY,TECHNICIAN,32,7,9
4,3,4,4,4,3,4,5,5,4,4,4,4,4,5,4,4,5,5,4,4,4,3,3,4,4,4,4,4,4,4,4,4,5,4,4,4,4,4,5,-0.212,0.358,0.918,1.129,0.352,0.611,1.351,MEDICAL,FEMALE,YES,UNIVERSITY,TECHNICIAN,28,3,10
4,4,4,4,4,4,4,4,4,3,4,4,4,4,4,4,4,4,4,3,3,3,3,3,3,3,3,3,4,4,4,4,4,3,3,3,3,3,3,3,0.124,-0.364,0.594,0.119,-0.523,0.611,-0.423,MEDICAL,MALE,NO,UNIVERSITY,TECHNICIAN,28,4,10
4,4,4,4,4,4,4,4,4,4,4,3,3,4,4,4,4,4,4,4,4,4,4,4,4,3,3,3,4,4,4,4,4,4,4,4,4,4,4,4,0.124,-0.066,-0.016,0.716,0.144,0.611,0.946,MEDICAL,MALE,YES,UNIVERSITY,TECHNICIAN,30,5,7
4,3,4,3,3,3,4,3,4,3,5,4,3,4,3,3,5,3,3,3,3,3,4,4,4,3,3,3,3,3,3,3,3,3,3,2,2,2,2,2,-0.903,-1.142,0.316,-0.295,0.144,-0.856,-1.415,MEDICAL,MALE,YES,UNIVERSITY,TECHNICIAN,38,3,7
4,4,4,4,4,4,4,4,4,3,4,4,3,3,4,4,4,4,4,4,4,3,3,3,3,3,3,3,3,3,3,3,3,4,4,4,3,4,3,4,0.124,-0.364,-0.004,0.523,-0.523,-0.856,0.520,MEDICAL,MALE,YES,UNIVERSITY,TECHNICIAN,45,1,7
4,3,4,3,3,4,4,4,4,3,2,3,2,1,3,1,2,3,3,2,2,3,3,3,5,4,4,3,3,3,3,4,4,3,3,4,4,3,3,3,-0.903,-0.364,-2.224,-1.634,0.359,-0.296,-0.046,MEDICAL,MALE,YES,UNIVERSITY,TECHNICIAN,32,12,9
5,3,5,3,4,4,5,4,5,4,2,2,3,3,2,3,4,3,3,4,3,3,3,3,3,3,3,3,4,3,3,4,4,3,3,2,2,2,2,2,0.179,0.745,-1.962,-0.268,-0.523,0.003,-1.415,ELECTRONIC,FEMALE,NO,UNIVERSITY,TECHNICIAN,26,4,11
3,3,3,3,3,3,4,3,4,4,3,2,2,3,3,3,3,2,2,2,1,1,2,2,2,2,2,2,2,2,1,2,2,1,1,1,1,1,1,1,-1.658,-0.844,-1.593,-2.063,-1.844,-2.628,-3.161,ELECTRONIC,FEMALE,NO,UNIVERSITY,TECHNICIAN,32,7,11
4,3,4,3,3,4,4,4,4,4,3,3,4,4,3,3,4,3,3,2,2,2,4,4,4,3,3,3,4,3,3,3,3,3,2,1,3,3,3,3,-0.903,-0.066,-0.385,-1.079,0.144,-0.557,-0.938,ELECTRONIC,FEMALE,NO,UNIVERSITY,TECHNICIAN,21,2,11
4,4,4,4,3,3,4,3,4,3,2,2,2,2,2,3,3,2,2,1,1,1,2,2,2,2,2,2,2,2,2,2,2,1,1,1,2,2,2,2,-0.205,-1.142,-2.560,-2.275,-1.844,-2.323,-2.333,ELECTRONIC,FEMALE,NO,UNIVERSITY,TECHNICIAN,33,7,11
4,4,4,4,4,4,4,4,4,4,4,3,3,3,3,3,3,4,4,3,3,3,4,4,4,4,4,4,4,4,4,4,4,4,4,4,4,4,4,4,0.124,-0.066,-0.644,-0.255,0.798,0.611,0.946,ELECTRONIC,FEMALE,NO,UNIVERSITY,TECHNICIAN,33,4,11
5,4,5,4,4,4,4,4,4,3,4,4,5,3,3,3,5,3,3,5,5,4,5,5,5,5,5,4,4,3,4,5,5,4,3,4,3,3,3,4,0.878,-0.364,0.260,0.707,1.904,0.868,0.145,ELECTRONIC,FEMALE,NO,UNIVERSITY,TECHNICIAN,28,1,12
4,3,4,4,4,4,4,4,4,5,3,3,3,3,3,2,4,4,4,4,4,4,4,3,3,3,3,3,3,3,3,3,4,4,4,3,3,3,3,4,-0.212,0.232,-0.983,0.342,-0.297,-0.589,0.171,ELECTRONIC,FEMALE,NO,UNIVERSITY,TECHNICIAN,30,1,13
4,4,5,5,5,5,5,5,5,4,4,4,4,3,4,3,5,3,3,3,3,3,4,4,4,4,3,4,4,3,3,4,4,5,4,3,3,3,3,4,1.188,1.524,0.290,-0.295,0.585,0.003,0.359,ELECTRONIC,FEMALE,NO,UNIVERSITY,TECHNICIAN,26,2,13
3,3,3,3,3,4,4,4,4,3,4,4,4,3,3,3,4,3,3,2,3,2,3,3,3,3,3,3,3,2,2,3,3,4,3,2,3,2,3,2,-1.658,-0.364,-0.034,-0.887,-0.523,-1.464,-0.801,ELECTRONIC,FEMALE,NO,UNIVERSITY,TECHNICIAN,29,2,13
4,4,4,4,4,5,5,5,4,5,5,4,5,5,5,5,5,5,3,4,3,3,3,5,3,3,5,4,3,2,3,5,3,4,4,2,3,3,3,3,0.124,1.419,1.855,0.702,0.554,-0.573,-0.209,ELECTRONIC,FEMALE,NO,UNIVERSITY,TECHNICIAN,29,2,15
4,4,4,4,4,4,4,4,4,4,3,3,4,4,4,4,4,4,4,3,4,4,4,4,4,3,4,4,4,4,4,4,4,4,4,4,4,4,4,4,0.124,-0.066,-0.061,0.503,0.571,0.611,0.946,ELECTRONIC,FEMALE,NO,UNIVERSITY,TECHNICIAN,26,3,12
4,4,4,4,4,4,4,4,4,3,3,3,2,3,2,2,2,3,2,2,1,1,3,3,2,2,2,3,3,3,3,3,3,2,2,2,1,2,2,2,0.124,-0.364,-1.600,-2.232,-1.184,-0.856,-2.006,ELECTRONIC,FEMALE,YES,UNIVERSITY,TECHNICIAN,24,1,11
4,4,4,3,4,4,4,3,3,3,3,3,4,3,3,2,2,3,3,2,2,2,3,3,2,3,3,3,3,3,4,4,4,3,3,2,2,3,3,2,-0.240,-1.167,-0.689,-1.639,-0.745,0.009,-1.016,ELECTRONIC,FEMALE,YES,UNIVERSITY,TECHNICIAN,24,2,11
4,4,4,4,4,4,4,4,4,4,3,2,3,3,3,3,4,2,2,2,3,4,3,3,3,3,3,3,2,2,2,3,3,4,2,4,4,3,3,3,0.124,-0.066,-1.299,-0.914,-0.523,-1.763,-0.046,ELECTRONIC,FEMALE,YES,UNIVERSITY,TECHNICIAN,29,1,13
4,2,4,2,1,3,5,2,5,1,2,2,3,1,4,4,1,2,2,1,1,1,3,3,2,4,4,4,3,3,4,4,3,2,2,1,1,1,1,1,-2.259,-1.327,-1.923,-2.462,-0.091,-0.258,-2.783,ELECTRONIC,MALE,NO,UNIVERSITY,TECHNICIAN,28,4,11
4,5,5,5,4,5,5,4,4,5,3,3,4,4,4,3,3,3,4,3,4,3,4,4,4,3,4,4,4,4,3,4,4,4,4,3,4,5,3,4,1.195,1.019,-0.061,-0.268,0.571,0.306,0.757,ELECTRONIC,MALE,NO,UNIVERSITY,TECHNICIAN,30,1,11
4,3,4,3,4,4,4,4,4,4,3,3,3,3,3,4,4,4,4,4,3,3,4,3,3,3,3,3,4,4,4,4,4,4,4,3,3,3,3,3,-0.575,-0.066,-0.983,0.332,-0.297,0.611,-0.046,ELECTRONIC,MALE,NO,UNIVERSITY,TECHNICIAN,35,2,11
3,3,3,3,4,2,2,2,4,3,4,2,2,2,4,4,4,3,3,4,4,4,3,3,2,4,3,3,4,4,4,4,4,3,3,3,3,2,2,2,-1.329,-2.737,-1.235,0.303,-0.518,0.611,-1.038,ELECTRONIC,MALE,NO,UNIVERSITY,TECHNICIAN,29,4,11
4,4,4,3,4,4,4,3,3,3,4,3,3,3,4,4,4,4,4,4,3,3,4,4,4,4,4,4,4,4,4,4,4,4,4,3,4,4,4,4,-0.240,-1.167,-0.320,0.332,0.798,0.611,0.782,ELECTRONIC,MALE,NO,UNIVERSITY,TECHNICIAN,30,3,11
5,5,4,4,5,4,4,5,5,5,5,4,5,4,5,3,5,3,3,4,5,5,3,3,4,3,5,4,3,3,4,5,3,3,4,3,3,5,4,4,1.169,1.035,1.551,0.687,0.338,0.035,0.567,ELECTRONIC,MALE,NO,UNIVERSITY,TECHNICIAN,28,1,11
4,4,4,4,4,4,4,4,4,4,4,4,3,3,4,3,4,3,3,3,3,3,3,4,4,4,3,3,4,4,4,4,4,4,4,3,3,3,3,3,0.124,-0.066,-0.004,-0.481,0.144,0.611,-0.046,ELECTRONIC,MALE,NO,UNIVERSITY,TECHNICIAN,35,2,11
4,4,4,3,4,4,4,4,4,3,3,3,4,3,4,4,4,3,3,3,2,4,4,4,4,4,4,4,3,3,3,4,3,3,3,4,3,4,3,4,-0.240,-0.364,-0.365,-0.293,0.798,-0.563,0.143,ELECTRONIC,MALE,NO,UNIVERSITY,TECHNICIAN,27,5,11
4,4,4,4,3,4,4,4,4,4,3,3,2,2,2,4,4,4,4,2,2,2,4,3,3,4,2,4,4,4,4,4,3,4,4,2,3,3,3,2,-0.205,-0.066,-1.905,-0.478,-0.068,0.344,-0.425,ELECTRONIC,MALE,NO,UNIVERSITY,TECHNICIAN,24,2,11
4,3,3,4,4,3,3,3,3,4,3,3,3,3,4,3,4,3,2,3,3,3,3,3,3,3,3,3,4,4,4,4,3,3,3,2,3,4,3,4,-0.584,-1.655,-0.659,-0.690,-0.523,0.344,-0.184,ELECTRONIC,MALE,NO,UNIVERSITY,TECHNICIAN,28,5,11
4,4,5,4,4,4,4,5,5,4,4,4,4,3,4,3,4,2,3,4,2,4,4,4,4,4,4,4,4,4,4,4,4,4,4,4,4,4,4,4,0.497,0.737,0.290,-0.472,0.798,0.611,0.946,ELECTRONIC,MALE,NO,UNIVERSITY,TECHNICIAN,35,3,11
3,3,3,3,4,3,4,3,4,4,2,3,3,3,4,3,4,4,3,4,3,3,3,3,3,4,3,3,4,3,4,4,3,4,4,3,4,4,3,4,-1.329,-0.844,-0.997,-0.064,-0.297,0.041,0.571,ELECTRONIC,MALE,NO,UNIVERSITY,TECHNICIAN,35,1,11
4,3,4,3,3,4,3,4,3,3,3,3,3,3,3,3,3,3,3,3,3,3,4,3,4,3,4,4,4,4,4,4,4,4,4,4,4,4,4,4,-0.903,-1.175,-0.983,-0.668,0.352,0.611,0.946,ELECTRONIC,MALE,NO,UNIVERSITY,TECHNICIAN,30,6,11
3,3,3,3,3,3,3,3,3,3,2,2,3,3,3,3,3,3,3,3,3,3,3,3,3,3,3,3,3,3,3,3,3,2,2,5,3,2,2,3,-1.658,-1.953,-1.638,-0.668,-0.523,-0.856,-0.872,ELECTRONIC,MALE,NO,UNIVERSITY,TECHNICIAN,26,4,11
4,4,4,4,4,4,4,4,4,4,3,3,3,3,2,3,4,3,2,3,2,2,3,2,2,3,3,3,4,4,2,3,3,4,3,2,2,3,3,3,0.124,-0.066,-1.307,-1.074,-0.964,-0.559,-0.611,ELECTRONIC,MALE,NO,UNIVERSITY,TECHNICIAN,30,1,11
4,4,4,4,4,3,4,3,4,4,3,4,3,4,3,4,3,4,3,4,3,3,3,3,3,3,3,3,4,4,4,4,4,2,3,4,3,3,3,2,0.124,-0.844,-0.362,-0.063,-0.523,0.611,-0.665,ELECTRONIC,MALE,NO,UNIVERSITY,TECHNICIAN,26,3,11
5,4,5,4,3,4,5,4,5,5,3,3,4,4,4,3,4,5,3,4,3,4,3,3,4,4,3,3,3,3,3,4,4,4,3,1,1,3,3,3,0.550,1.044,-0.061,0.333,-0.075,-0.296,-0.988,ELECTRONIC,MALE,NO,UNIVERSITY,TECHNICIAN,28,3,11
4,4,4,4,4,4,4,4,4,4,4,4,4,4,4,3,3,3,3,3,3,3,4,4,4,4,4,4,4,4,4,4,4,4,3,3,4,4,4,4,0.124,-0.066,0.594,-0.668,0.798,0.611,0.594,ELECTRONIC,MALE,NO,UNIVERSITY,TECHNICIAN,26,3,11
3,3,3,3,5,3,3,3,3,4,5,5,3,3,3,4,5,4,3,3,3,3,5,4,4,4,4,4,4,4,4,4,4,4,4,4,4,4,4,4,-1.001,-1.655,0.328,0.097,1.024,0.611,0.946,ELECTRONIC,MALE,NO,UNIVERSITY,TECHNICIAN,30,8,11
4,4,4,4,4,4,5,4,5,4,4,4,5,4,5,4,4,3,3,3,4,4,5,5,5,5,4,4,4,4,4,4,5,4,4,5,4,4,4,4,0.124,0.745,1.212,0.090,1.691,0.878,1.109,ELECTRONIC,MALE,NO,UNIVERSITY,TECHNICIAN,27,1,12
4,3,4,3,5,3,5,3,5,5,5,4,5,4,5,3,5,3,3,3,4,3,5,4,4,3,3,5,5,5,5,3,3,3,4,3,3,4,4,4,-0.247,0.265,1.551,-0.103,0.800,0.958,0.380,ELECTRONIC,MALE,NO,UNIVERSITY,TECHNICIAN,31,7,12
4,4,3,3,4,4,4,4,4,3,3,4,4,4,4,3,4,2,3,3,3,4,3,2,3,3,4,3,3,3,3,4,3,3,3,4,4,3,3,3,-0.612,-0.364,0.256,-0.493,-0.530,-0.563,-0.046,ELECTRONIC,MALE,NO,UNIVERSITY,TECHNICIAN,31,3,12
3,3,4,4,4,4,4,4,4,3,3,3,2,2,2,2,4,2,2,3,2,2,2,2,2,2,2,2,3,3,3,4,2,3,3,4,4,3,3,3,-0.593,-0.364,-1.905,-1.466,-1.844,-0.830,-0.046,ELECTRONIC,MALE,NO,UNIVERSITY,TECHNICIAN,32,1,14
4,4,4,4,3,3,4,3,3,2,4,4,3,4,4,4,3,2,2,3,2,5,3,3,3,3,3,4,3,3,4,4,3,3,3,2,3,3,3,3,-0.205,-1.843,0.301,-0.700,-0.308,-0.258,-0.586,ELECTRONIC,MALE,NO,UNIVERSITY,TECHNICIAN,29,4,14
2,2,2,2,2,3,3,4,3,3,4,4,3,3,3,3,3,3,3,2,3,2,2,2,2,2,2,2,3,3,3,3,3,4,3,3,3,3,3,3,-3.439,-1.554,-0.327,-1.074,-1.844,-0.856,-0.234,ELECTRONIC,MALE,NO,UNIVERSITY,TECHNICIAN,28,1,14
4,4,4,4,4,5,5,5,5,5,4,3,3,3,3,3,4,4,4,3,4,3,4,3,3,2,3,3,4,3,3,4,2,3,3,3,2,4,3,3,0.124,1.822,-0.644,0.123,-0.523,-0.531,-0.450,ELECTRONIC,MALE,NO,UNIVERSITY,TECHNICIAN,29,1,14
4,4,4,4,4,4,4,4,4,4,4,3,3,3,3,3,4,3,3,2,2,2,3,4,3,4,4,2,2,2,3,4,2,4,2,2,2,2,3,2,0.124,-0.066,-0.644,-1.079,-0.080,-1.432,-1.203,ELECTRONIC,MALE,NO,UNIVERSITY,TECHNICIAN,30,2,15
4,4,4,4,4,4,4,4,4,4,4,3,4,3,3,3,3,3,3,3,3,3,4,4,3,4,4,2,3,3,3,4,3,4,3,3,3,3,3,3,0.124,-0.066,-0.350,-0.668,0.146,-0.563,-0.234,ELECTRONIC,MALE,NO,UNIVERSITY,TECHNICIAN,32,2,15
4,4,4,4,4,4,4,4,4,4,5,5,5,5,5,4,4,4,4,4,4,4,5,5,5,5,5,4,4,4,4,4,4,4,4,4,4,4,4,4,0.124,-0.066,2.172,0.716,1.904,0.611,0.946,ELECTRONIC,MALE,NO,UNIVERSITY,TECHNICIAN,29,4,15
5,3,5,3,5,4,5,4,5,4,4,3,3,3,3,3,5,3,3,3,4,3,3,3,3,3,4,3,3,3,3,4,3,4,3,3,3,4,3,3,0.507,0.745,-0.644,-0.103,-0.311,-0.563,-0.048,ELECTRONIC,MALE,NO,UNIVERSITY,TECHNICIAN,28,3,15
4,4,4,4,4,4,4,4,4,4,4,4,4,4,4,3,3,3,2,4,4,4,4,4,4,4,4,4,3,4,4,4,4,4,4,4,4,4,4,4,0.124,-0.066,0.594,-0.279,0.798,0.312,0.946,ELECTRONIC,MALE,NO,UNIVERSITY,TECHNICIAN,26,1,15
4,4,4,4,4,4,4,4,4,3,5,4,5,4,4,1,4,1,1,3,3,2,5,5,4,4,4,3,3,3,3,3,3,3,3,3,3,3,3,3,0.124,-0.364,1.227,-1.874,1.028,-0.856,-0.423,ELECTRONIC,MALE,NO,UNIVERSITY,TECHNICIAN,27,2,15
5,5,5,5,5,3,4,3,4,4,3,3,3,3,3,3,3,3,3,3,3,3,3,3,3,3,3,3,3,3,3,3,3,3,3,3,3,3,3,3,1.905,-0.844,-0.983,-0.668,-0.523,-0.856,-0.423,ELECTRONIC,MALE,NO,UNIVERSITY,TECHNICIAN,25,1,16
4,5,3,4,4,3,4,4,3,4,3,3,3,3,3,3,3,4,4,3,4,3,2,2,2,2,2,2,2,2,2,2,2,3,3,3,3,3,3,3,0.087,-0.847,-0.983,-0.063,-1.844,-2.323,-0.423,ELECTRONIC,MALE,NO,UNIVERSITY,TECHNICIAN,26,1,16
4,3,4,4,4,4,4,4,4,3,4,3,3,3,3,3,3,3,3,3,3,3,5,4,4,3,3,2,4,4,4,4,4,2,2,2,3,3,3,3,-0.212,-0.364,-0.644,-0.668,0.156,0.611,-0.964,ELECTRONIC,MALE,NO,UNIVERSITY,TECHNICIAN,24,1,16
5,4,4,4,3,4,4,4,4,4,3,3,3,3,3,2,2,2,3,2,2,2,1,2,1,2,2,3,3,3,3,3,2,3,3,2,3,1,3,2,0.177,-0.066,-0.983,-1.844,-2.077,-1.123,-1.176,ELECTRONIC,MALE,NO,UNIVERSITY,TECHNICIAN,25,2,16
5,5,5,5,5,4,4,4,4,4,4,3,3,3,4,3,3,3,3,3,3,2,3,3,3,2,1,2,4,4,3,3,3,4,3,2,3,1,2,2,1.905,-0.066,-0.320,-0.861,-1.389,-0.254,-1.199,ELECTRONIC,MALE,NO,UNIVERSITY,TECHNICIAN,25,1,16
4,4,4,4,4,4,4,3,4,4,3,3,4,4,3,1,3,1,4,3,2,2,3,3,3,3,3,3,4,4,3,3,3,4,3,2,2,1,3,3,0.124,-0.465,-0.385,-1.628,-0.523,-0.254,-0.984,ELECTRONIC,MALE,NO,UNIVERSITY,TECHNICIAN,26,2,16
3,3,4,4,4,4,4,3,4,4,4,4,3,4,4,3,3,3,3,3,3,3,3,3,3,3,3,3,3,3,3,3,3,4,3,2,3,1,3,3,-0.593,-0.465,0.301,-0.668,-0.523,-0.856,-0.771,ELECTRONIC,MALE,NO,UNIVERSITY,TECHNICIAN,27,1,16
4,4,4,3,4,4,4,3,3,4,4,4,3,4,3,4,3,4,3,4,3,4,3,4,3,4,3,4,3,4,3,4,3,4,4,4,3,4,3,4,-0.240,-0.868,-0.023,0.129,0.137,-0.260,0.520,ELECTRONIC,MALE,NO,UNIVERSITY,TECHNICIAN,27,1,17
4,4,4,4,4,4,4,4,5,5,3,4,5,3,4,4,5,4,4,4,4,4,4,4,5,3,3,3,5,4,4,4,4,4,4,4,4,4,4,4,0.124,0.635,0.245,0.903,0.366,0.910,0.946,ELECTRONIC,MALE,NO,UNIVERSITY,TECHNICIAN,24,2,17
4,4,4,4,4,4,4,5,5,4,3,3,4,3,2,3,3,2,2,2,3,3,3,3,3,3,3,3,3,4,4,4,3,3,3,4,4,3,3,4,0.124,0.737,-1.013,-1.294,-0.523,0.045,0.170,ELECTRONIC,MALE,NO,UNIVERSITY,TECHNICIAN,27,1,17
4,3,4,4,4,3,3,3,4,3,4,3,3,3,4,3,2,3,3,3,4,3,4,4,3,4,3,3,4,3,4,3,3,2,2,3,3,2,2,2,-0.212,-1.550,-0.320,-0.663,0.149,-0.252,-1.415,ELECTRONIC,MALE,NO,UNIVERSITY,TECHNICIAN,30,2,17
4,3,4,4,3,3,4,4,4,3,4,3,3,3,3,4,3,3,4,3,2,2,4,4,4,4,4,2,4,4,4,4,4,4,4,3,3,2,1,4,-0.540,-0.743,-0.644,-0.657,0.368,0.611,-0.439,ELECTRONIC,MALE,NO,UNIVERSITY,TECHNICIAN,29,7,11
5,4,5,4,4,4,4,4,4,4,4,4,4,4,4,4,5,5,5,4,5,5,4,5,4,4,5,5,4,4,5,4,4,3,3,3,3,3,3,3,0.878,-0.066,0.594,1.700,1.444,0.916,-0.423,ELECTRONIC,MALE,NO,UNIVERSITY,TECHNICIAN,25,1,11
4,4,4,4,4,4,4,4,4,4,4,4,4,4,4,4,4,4,4,3,3,3,4,4,4,4,4,4,5,5,5,5,5,5,5,2,5,4,3,4,0.124,-0.066,0.594,0.119,0.798,2.078,0.998,ELECTRONIC,MALE,NO,UNIVERSITY,TECHNICIAN,31,8,11
4,4,4,4,4,4,4,4,4,4,4,4,3,3,4,3,3,2,3,2,2,1,1,1,1,1,1,1,2,3,3,3,2,3,1,1,2,1,1,1,0.124,-0.066,-0.004,-1.662,-3.165,-1.422,-2.570,ELECTRONIC,MALE,NO,UNIVERSITY,TECHNICIAN,23,1,11
5,5,5,5,5,5,5,5,5,5,5,5,5,5,5,5,5,5,5,5,5,5,5,5,5,5,5,5,5,5,5,5,5,5,5,5,5,5,3,5,1.905,1.822,2.172,2.100,2.118,2.078,1.891,ELECTRONIC,MALE,NO,UNIVERSITY,TECHNICIAN,26,2,11
5,5,4,4,4,4,4,4,4,5,4,4,4,4,4,5,4,4,5,4,4,4,4,4,4,5,4,3,4,4,4,4,4,4,4,5,4,4,4,4,0.841,0.232,0.594,1.112,0.809,0.611,1.109,ELECTRONIC,MALE,YES,UNIVERSITY,TECHNICIAN,38,5,11
4,4,4,4,4,4,4,4,4,4,4,4,4,4,4,4,4,4,4,4,4,4,4,4,4,4,4,4,4,4,4,4,4,4,4,4,4,4,4,4,0.124,-0.066,0.594,0.716,0.798,0.611,0.946,ELECTRONIC,MALE,YES,UNIVERSITY,TECHNICIAN,36,10,11
4,4,4,4,5,4,5,4,4,3,3,3,4,3,3,4,4,4,4,4,4,4,3,3,3,3,3,3,4,4,4,4,3,4,3,3,3,3,4,4,0.452,0.044,-0.689,0.716,-0.523,0.344,0.194,ELECTRONIC,MALE,YES,UNIVERSITY,TECHNICIAN,33,4,11
4,4,5,4,4,4,4,4,4,3,4,4,4,2,4,4,4,3,3,3,3,3,4,4,4,4,4,4,4,5,5,4,4,4,4,3,3,3,3,3,0.497,-0.364,-0.014,-0.294,0.798,1.219,-0.046,ELECTRONIC,MALE,YES,UNIVERSITY,TECHNICIAN,33,1,11
4,3,4,4,5,4,4,4,4,4,4,5,5,4,5,5,5,4,4,4,3,3,5,5,5,5,5,4,5,5,4,5,4,4,4,5,4,4,3,3,0.117,-0.066,1.529,0.706,1.904,1.506,0.681,ELECTRONIC,MALE,YES,UNIVERSITY,TECHNICIAN,32,7,11
4,4,4,4,4,4,4,4,4,4,3,3,2,3,4,4,4,2,2,3,3,2,3,3,3,3,3,3,4,4,3,4,3,3,2,2,2,2,1,2,0.124,-0.066,-0.952,-0.900,-0.523,0.039,-1.815,ELECTRONIC,MALE,YES,UNIVERSITY,TECHNICIAN,28,3,11
4,3,4,3,4,4,4,4,4,3,4,4,3,3,4,4,4,4,4,4,4,4,3,3,3,2,3,3,4,3,3,3,3,4,3,3,3,3,3,3,-0.575,-0.364,-0.004,0.716,-0.750,-0.557,-0.234,ELECTRONIC,MALE,YES,UNIVERSITY,TECHNICIAN,40,2,13
4,4,4,4,4,5,3,4,4,4,4,4,3,3,4,4,4,3,4,3,3,3,3,3,3,3,3,4,4,3,3,3,3,3,3,3,3,3,3,3,0.124,-0.095,-0.004,-0.086,-0.308,-0.557,-0.423,ELECTRONIC,MALE,YES,UNIVERSITY,TECHNICIAN,33,1,14
4,4,4,4,4,3,4,4,4,4,4,4,4,4,3,2,4,4,2,2,2,2,4,4,3,4,4,3,2,2,2,4,2,3,2,2,2,2,2,2,0.124,-0.444,0.271,-1.270,0.361,-1.737,-1.603,ELECTRONIC,MALE,YES,UNIVERSITY,TECHNICIAN,32,2,15
4,4,5,4,4,5,5,5,5,4,4,4,4,3,5,4,4,3,3,4,4,4,4,4,3,4,4,4,4,3,3,4,3,3,4,5,4,4,4,4,0.497,1.524,0.614,0.303,0.576,-0.264,0.920,ELECTRONIC,MALE,YES,UNIVERSITY,TECHNICIAN,28,1,15
4,4,5,4,4,4,4,4,4,4,5,3,4,3,5,3,3,3,3,3,3,3,4,4,4,4,4,4,4,4,4,4,4,4,4,3,3,3,3,4,0.497,-0.066,0.636,-0.668,0.798,0.611,0.171,ELECTRONIC,MALE,YES,UNIVERSITY,TECHNICIAN,38,8,11
3,3,4,3,3,2,4,3,4,4,3,3,3,4,3,3,4,3,3,4,4,3,3,3,2,3,4,3,4,3,4,5,3,4,3,4,4,3,3,3,-1.285,-1.223,-0.678,-0.077,-0.533,0.334,0.143,MEDICAL,MALE,YES,TECHNOLOGICAL_ACADEMY,MANAGER,30,10,9
5,5,5,5,5,5,5,5,5,5,4,4,4,4,4,4,4,3,3,3,3,3,4,4,4,4,4,4,3,3,3,3,3,2,2,2,2,2,2,2,1.905,1.822,0.594,-0.294,0.798,-0.856,-1.792,FINANCE,FEMALE,NO,TECHNOLOGICAL_ACADEMY,OPERATOR,24,2,1
5,5,5,5,5,5,5,5,5,5,2,2,2,2,2,3,3,1,1,1,1,1,4,4,5,4,2,3,5,3,3,3,3,3,3,3,3,3,3,3,1.905,1.822,-2.560,-2.688,0.380,-0.258,-0.423,FINANCE,FEMALE,NO,TECHNOLOGICAL_ACADEMY,OPERATOR,28,7,1
4,4,4,4,4,4,4,4,4,4,2,2,2,2,2,1,4,1,1,4,1,1,4,4,4,4,4,4,4,4,4,4,4,3,3,3,3,3,3,3,0.124,-0.066,-2.560,-2.238,0.798,0.611,-0.423,FINANCE,FEMALE,NO,TECHNOLOGICAL_ACADEMY,OPERATOR,25,2,1
5,5,5,5,5,5,5,5,5,5,4,4,4,4,4,4,4,4,4,4,4,4,4,4,4,4,4,4,4,4,4,4,4,3,3,3,3,3,3,3,1.905,1.822,0.594,0.716,0.798,0.611,-0.423,FINANCE,FEMALE,NO,TECHNOLOGICAL_ACADEMY,OPERATOR,25,2,1
4,4,4,4,4,4,4,4,4,4,4,4,4,4,4,3,3,4,3,4,3,3,4,4,4,3,4,3,4,4,4,4,4,4,4,3,4,4,4,3,0.124,-0.066,0.594,-0.251,0.356,0.611,0.566,FINANCE,FEMALE,NO,TECHNOLOGICAL_ACADEMY,OPERATOR,28,4,3
4,4,4,4,4,4,4,4,4,4,4,3,4,4,4,3,3,3,3,3,2,2,2,2,3,3,1,3,2,1,1,3,3,3,3,2,3,4,3,3,0.124,-0.066,0.278,-1.052,-1.393,-2.371,-0.400,FINANCE,FEMALE,NO,TECHNOLOGICAL_ACADEMY,OPERATOR,22,2,4
4,4,4,4,4,4,4,4,4,4,4,4,3,3,4,4,4,4,4,4,4,4,4,4,4,4,4,4,4,4,4,4,4,4,4,4,4,4,4,4,0.124,-0.066,-0.004,0.716,0.798,0.611,0.946,FINANCE,FEMALE,NO,TECHNOLOGICAL_ACADEMY,OPERATOR,24,1,6
4,3,5,4,4,5,5,5,5,5,4,4,4,3,4,4,5,1,2,2,3,3,2,3,2,2,3,3,4,3,3,3,2,4,3,2,3,3,3,4,0.161,1.822,0.290,-0.938,-1.198,-0.824,-0.181,FINANCE,FEMALE,YES,TECHNOLOGICAL_ACADEMY,OPERATOR,34,9,4
4,4,5,2,2,5,5,5,5,5,3,3,4,4,4,4,4,4,4,4,4,4,4,4,4,4,4,4,4,4,4,4,4,4,4,4,4,4,4,4,-0.887,1.822,-0.061,0.716,0.798,0.611,0.946,MEDICAL,FEMALE,YES,TECHNOLOGICAL_ACADEMY,OPERATOR,23,2,8
3,3,3,3,4,4,4,3,4,3,3,3,4,4,4,3,4,3,3,4,3,3,4,4,4,4,3,3,3,3,4,4,4,3,4,4,4,3,3,3,-1.329,-0.764,-0.061,-0.268,0.371,0.009,0.143,MEDICAL,FEMALE,YES,TECHNOLOGICAL_ACADEMY,OPERATOR,31,4,9
4,4,4,4,4,4,4,4,4,4,3,3,3,3,3,4,4,4,4,4,4,3,3,3,3,3,3,3,4,4,3,4,3,3,3,3,3,2,3,3,0.124,-0.066,-0.983,0.523,-0.523,0.039,-0.610,ELECTRONIC,FEMALE,NO,TECHNOLOGICAL_ACADEMY,OPERATOR,26,3,11
4,4,4,4,4,3,3,3,3,3,3,3,3,3,3,3,4,3,3,3,3,4,3,3,3,3,3,3,3,3,3,3,3,3,3,3,3,3,3,3,0.124,-1.953,-0.983,-0.289,-0.523,-0.856,-0.423,ELECTRONIC,FEMALE,NO,TECHNOLOGICAL_ACADEMY,OPERATOR,27,4,11
5,3,5,3,5,5,5,5,5,5,3,2,4,3,4,4,4,4,4,4,2,3,3,3,4,3,4,4,4,4,3,3,3,2,3,3,2,2,2,3,0.507,1.822,-0.682,0.140,0.126,-0.254,-1.224,ELECTRONIC,FEMALE,NO,TECHNOLOGICAL_ACADEMY,OPERATOR,27,3,12
3,4,4,3,4,4,4,3,4,5,4,3,5,4,3,5,5,4,4,3,3,4,2,4,4,3,5,4,4,3,5,5,4,5,4,3,3,5,4,4,-0.621,-0.167,0.248,0.685,0.331,0.906,0.944,ELECTRONIC,MALE,NO,TECHNOLOGICAL_ACADEMY,OPERATOR,25,1,12
5,4,5,4,4,4,5,4,5,4,5,5,5,4,4,4,4,4,4,4,4,3,5,5,5,5,5,5,4,4,4,4,4,4,4,4,4,4,4,4,0.878,0.745,1.543,0.523,2.118,0.611,0.946,ELECTRONIC,MALE,NO,TECHNOLOGICAL_ACADEMY,OPERATOR,28,3,12
5,5,5,4,4,5,5,5,4,4,4,4,5,4,5,4,4,5,4,5,5,5,3,3,4,3,4,4,3,4,4,5,4,3,5,5,5,4,4,4,1.214,1.121,1.212,1.518,0.126,0.605,1.323,ELECTRONIC,MALE,NO,TECHNOLOGICAL_ACADEMY,OPERATOR,23,1,12
4,4,3,3,4,3,3,3,3,3,3,4,4,3,3,3,4,3,3,4,4,4,4,4,4,3,3,3,3,3,4,4,4,3,3,3,3,3,3,3,-0.612,-1.953,-0.372,0.116,0.144,0.009,-0.423,ELECTRONIC,MALE,NO,TECHNOLOGICAL_ACADEMY,OPERATOR,26,1,17
4,4,4,4,4,4,4,4,4,4,3,3,4,3,4,4,4,3,4,4,4,3,4,4,4,3,4,3,3,4,3,4,4,4,4,4,4,3,3,3,0.124,-0.066,-0.365,0.319,0.356,0.007,0.331,ELECTRONIC,MALE,NO,TECHNOLOGICAL_ACADEMY,OPERATOR,24,1,17
5,4,5,5,5,5,5,4,4,3,3,4,4,3,3,4,5,4,3,4,4,4,4,5,5,4,4,5,4,4,4,4,3,4,3,5,4,3,3,4,1.570,0.423,-0.372,0.694,1.453,0.344,0.522,ELECTRONIC,MALE,NO,TECHNOLOGICAL_ACADEMY,OPERATOR,28,1,17
4,4,4,4,4,4,5,4,5,4,4,4,4,4,4,4,4,4,4,4,4,4,3,3,4,3,4,3,3,4,3,4,3,4,3,4,3,4,3,4,0.124,0.745,0.594,0.716,-0.089,-0.260,0.332,ELECTRONIC,MALE,NO,TECHNOLOGICAL_ACADEMY,OPERATOR,26,2,17
4,4,4,4,4,4,4,4,4,4,4,4,4,4,4,4,4,4,4,4,4,4,4,4,4,4,4,4,4,4,4,4,4,4,4,4,4,4,4,4,0.124,-0.066,0.594,0.716,0.798,0.611,0.946,ELECTRONIC,MALE,NO,TECHNOLOGICAL_ACADEMY,OPERATOR,33,1,17
4,4,4,4,5,4,4,4,4,4,4,4,5,4,4,4,5,4,4,4,4,4,4,4,4,4,5,4,4,4,4,4,4,4,4,5,4,4,3,4,0.452,-0.066,0.888,0.903,1.010,0.611,0.898,ELECTRONIC,MALE,YES,TECHNOLOGICAL_ACADEMY,OPERATOR,27,2,17
4,3,4,3,4,4,4,4,4,4,4,4,4,4,4,4,4,4,4,4,4,4,4,4,4,4,4,4,4,4,4,4,4,4,4,4,4,4,4,4,-0.575,-0.066,0.594,0.716,0.798,0.611,0.946,ELECTRONIC,MALE,YES,TECHNOLOGICAL_ACADEMY,OPERATOR,30,7,12
3,3,4,4,4,4,4,4,4,4,4,4,3,3,3,3,4,4,4,5,4,3,3,4,4,4,4,3,4,4,4,4,4,4,4,4,3,3,3,4,-0.593,-0.066,-0.327,0.549,0.357,0.611,0.334,FINANCE,FEMALE,NO,TECHNOLOGICAL_ACADEMY,TECHNICIAN,24,2,4
4,4,4,4,4,4,4,4,4,4,4,4,4,4,4,4,5,5,5,4,4,4,3,3,3,3,3,4,4,4,4,4,3,4,4,4,4,4,4,4,0.124,-0.066,0.594,1.316,-0.308,0.344,0.946,FINANCE,FEMALE,YES,TECHNOLOGICAL_ACADEMY,TECHNICIAN,40,15,2
4,4,4,4,4,4,4,4,4,4,4,3,4,4,4,4,4,3,3,3,4,3,4,4,4,3,4,4,4,3,3,4,4,4,4,3,3,4,3,4,0.124,-0.066,0.278,-0.102,0.571,0.003,0.357,FINANCE,FEMALE,YES,TECHNOLOGICAL_ACADEMY,TECHNICIAN,35,3,5
4,4,4,4,4,4,4,4,4,4,4,4,4,4,4,4,4,4,4,4,4,3,3,3,3,3,4,4,4,4,4,4,4,4,4,4,4,4,4,4,0.124,-0.066,0.594,0.523,-0.096,0.611,0.946,FINANCE,MALE,YES,TECHNOLOGICAL_ACADEMY,TECHNICIAN,37,11,2
4,5,4,4,4,5,5,5,5,4,4,4,4,5,4,4,4,4,4,4,4,4,4,4,4,4,4,4,4,4,4,4,4,4,4,3,3,4,4,4,0.459,1.524,0.899,0.716,0.798,0.611,0.569,FINANCE,MALE,YES,TECHNOLOGICAL_ACADEMY,TECHNICIAN,39,12,4
4,4,4,4,4,4,4,4,4,4,4,4,4,4,4,4,4,4,4,4,4,4,3,3,4,4,3,3,3,3,3,3,3,3,3,3,3,3,3,3,0.124,-0.066,0.594,0.716,-0.075,-0.856,-0.423,MEDICAL,FEMALE,NO,TECHNOLOGICAL_ACADEMY,TECHNICIAN,30,6,7
3,3,3,3,3,4,3,3,3,3,3,3,3,3,3,3,3,3,3,3,3,3,3,3,3,3,3,3,3,3,3,3,3,3,3,3,3,3,3,3,-1.658,-1.575,-0.983,-0.668,-0.523,-0.856,-0.423,MEDICAL,FEMALE,NO,TECHNOLOGICAL_ACADEMY,TECHNICIAN,24,3,7
4,4,4,4,4,4,4,4,4,4,4,4,4,4,4,3,4,3,4,4,3,3,4,4,4,4,4,4,4,4,4,4,4,4,4,3,3,3,3,3,0.124,-0.066,0.594,-0.060,0.798,0.611,-0.046,MEDICAL,FEMALE,NO,TECHNOLOGICAL_ACADEMY,TECHNICIAN,26,5,7
3,3,4,4,3,4,4,4,4,3,3,3,3,3,3,3,3,4,4,3,3,3,3,3,3,3,3,3,4,3,4,4,4,3,3,4,3,3,3,3,-0.922,-0.364,-0.983,-0.255,-0.523,0.308,-0.260,MEDICAL,FEMALE,NO,TECHNOLOGICAL_ACADEMY,TECHNICIAN,25,4,7
4,4,3,3,3,4,4,4,4,3,3,3,2,4,2,2,2,2,2,2,2,2,2,2,2,2,2,2,3,2,3,2,2,2,3,4,3,3,3,3,-0.941,-0.364,-1.296,-2.052,-1.844,-1.719,-0.448,MEDICAL,FEMALE,NO,TECHNOLOGICAL_ACADEMY,TECHNICIAN,23,1,8
3,3,2,2,2,3,3,3,3,3,3,3,4,3,3,4,4,2,3,4,4,3,2,3,2,2,3,2,3,2,3,3,2,3,2,2,2,2,2,2,-2.722,-1.953,-0.689,-0.094,-1.413,-1.426,-1.603,MEDICAL,FEMALE,NO,TECHNOLOGICAL_ACADEMY,TECHNICIAN,35,6,8
4,4,4,4,4,4,4,4,4,4,4,4,3,3,3,4,4,3,3,3,3,3,3,3,3,3,3,3,3,3,3,3,3,3,3,3,3,3,3,3,0.124,-0.066,-0.327,-0.294,-0.523,-0.856,-0.423,MEDICAL,FEMALE,NO,TECHNOLOGICAL_ACADEMY,TECHNICIAN,45,14,8
3,3,3,3,3,3,2,3,2,3,4,4,4,4,4,4,4,4,4,4,4,4,3,3,3,3,3,3,3,3,3,3,3,3,3,3,3,3,3,3,-1.658,-2.765,0.594,0.716,-0.523,-0.856,-0.423,MEDICAL,FEMALE,NO,TECHNOLOGICAL_ACADEMY,TECHNICIAN,21,1,8
4,4,4,4,4,4,4,4,4,4,4,4,4,4,4,3,4,3,4,4,4,4,3,4,3,3,3,3,3,3,4,4,3,3,3,4,3,3,3,4,0.124,-0.066,0.594,0.324,-0.304,-0.258,-0.043,MEDICAL,FEMALE,NO,TECHNOLOGICAL_ACADEMY,TECHNICIAN,23,1,8
4,3,4,3,3,4,4,4,4,4,3,4,4,4,4,4,4,2,2,2,2,2,2,2,2,2,2,2,3,3,3,4,3,4,3,2,2,2,2,2,-0.903,-0.066,0.256,-1.304,-1.844,-0.563,-1.226,MEDICAL,FEMALE,NO,TECHNOLOGICAL_ACADEMY,TECHNICIAN,42,17,8
3,3,3,3,3,4,4,4,4,3,3,3,3,3,3,2,2,2,2,2,2,2,2,2,2,2,2,2,3,3,3,3,3,3,3,3,3,3,3,3,-1.658,-0.364,-0.983,-2.052,-1.844,-0.856,-0.423,MEDICAL,FEMALE,NO,TECHNOLOGICAL_ACADEMY,TECHNICIAN,25,5,9
3,3,4,3,3,4,4,4,4,4,3,3,3,3,3,3,2,2,2,1,1,1,1,3,3,3,3,3,3,3,3,3,3,2,2,3,3,3,3,3,-1.285,-0.066,-0.983,-2.462,-0.976,-0.856,-0.800,MEDICAL,FEMALE,NO,TECHNOLOGICAL_ACADEMY,TECHNICIAN,27,3,9
3,3,4,3,3,4,4,4,4,3,4,4,4,4,4,4,4,4,4,4,4,4,4,4,4,4,4,4,3,3,4,4,4,4,3,4,4,3,4,4,-1.285,-0.364,0.594,0.716,0.798,0.009,0.571,MEDICAL,FEMALE,NO,TECHNOLOGICAL_ACADEMY,TECHNICIAN,30,6,9
4,4,4,4,4,4,4,4,4,4,4,4,4,4,4,4,4,3,3,3,3,4,2,3,3,3,3,3,3,3,3,3,3,3,3,4,4,3,3,3,0.124,-0.066,0.594,-0.101,-0.749,-0.856,-0.046,MEDICAL,FEMALE,NO,TECHNOLOGICAL_ACADEMY,TECHNICIAN,28,5,10
3,3,3,3,4,4,5,4,5,4,3,4,3,3,3,2,2,2,2,2,2,2,2,1,2,2,1,1,1,2,1,2,2,1,2,1,2,1,1,1,-1.329,0.745,-0.666,-2.052,-2.490,-2.927,-2.759,MEDICAL,FEMALE,NO,TECHNOLOGICAL_ACADEMY,TECHNICIAN,26,3,10
4,4,4,3,3,4,4,4,4,4,4,4,4,4,4,4,4,4,4,4,3,3,3,3,3,3,3,3,3,4,3,4,4,3,3,3,3,3,3,3,-0.568,-0.066,0.594,0.332,-0.523,0.007,-0.423,MEDICAL,FEMALE,NO,TECHNOLOGICAL_ACADEMY,TECHNICIAN,24,3,10
5,5,5,5,5,5,5,5,5,5,5,5,5,5,5,5,5,5,5,5,5,5,3,3,3,4,3,4,4,4,4,4,4,4,4,3,3,3,3,3,1.905,1.822,2.172,2.100,-0.082,0.611,-0.046,MEDICAL,FEMALE,NO,TECHNOLOGICAL_ACADEMY,TECHNICIAN,22,1,8
4,4,4,5,5,5,5,4,5,4,5,4,5,4,5,5,5,5,3,3,5,5,5,5,4,5,5,5,5,4,5,5,5,5,5,5,5,4,5,4,0.815,1.124,1.551,1.258,1.897,1.775,1.912,MEDICAL,FEMALE,NO,TECHNOLOGICAL_ACADEMY,TECHNICIAN,24,2,9
4,4,4,4,4,4,4,4,4,4,3,3,3,3,3,3,3,3,3,3,3,3,3,3,3,3,3,3,3,3,3,3,3,3,3,3,3,3,3,3,0.124,-0.066,-0.983,-0.668,-0.523,-0.856,-0.423,MEDICAL,FEMALE,NO,TECHNOLOGICAL_ACADEMY,TECHNICIAN,29,5,9
4,3,4,3,4,3,3,3,3,4,4,3,4,4,4,3,3,4,4,4,4,4,3,3,3,3,3,3,3,3,3,3,3,3,3,2,3,3,3,3,-0.575,-1.655,0.278,0.342,-0.523,-0.856,-0.586,MEDICAL,FEMALE,NO,TECHNOLOGICAL_ACADEMY,TECHNICIAN,25,5,7
4,3,4,4,4,3,4,3,4,3,2,3,2,2,3,3,4,4,3,4,4,4,3,3,4,4,3,4,4,3,4,4,4,3,3,3,3,2,2,4,-0.212,-1.142,-1.919,0.320,0.140,0.308,-0.605,MEDICAL,FEMALE,YES,TECHNOLOGICAL_ACADEMY,TECHNICIAN,40,5,7
4,4,4,4,4,4,4,4,4,4,4,4,4,4,4,4,4,4,4,4,4,4,4,4,4,4,4,4,4,4,4,4,4,4,4,4,4,4,4,4,0.124,-0.066,0.594,0.716,0.798,0.611,0.946,MEDICAL,FEMALE,YES,TECHNOLOGICAL_ACADEMY,TECHNICIAN,33,10,7
4,4,4,4,4,4,4,4,4,3,3,3,3,3,3,4,4,4,4,2,3,3,4,3,3,3,3,3,3,3,3,3,4,2,2,2,2,2,2,2,0.124,-0.364,-0.983,-0.094,-0.297,-0.589,-1.792,MEDICAL,FEMALE,YES,TECHNOLOGICAL_ACADEMY,TECHNICIAN,30,7,7
4,3,3,2,4,4,4,4,4,3,3,3,3,3,4,3,4,3,4,3,2,2,1,3,2,2,2,2,4,4,3,3,3,4,4,2,3,2,3,3,-1.311,-0.364,-0.659,-0.657,-1.851,-0.254,-0.396,MEDICAL,FEMALE,YES,TECHNOLOGICAL_ACADEMY,TECHNICIAN,30,7,7
4,4,4,4,4,4,4,4,4,4,4,4,3,4,3,4,4,4,3,3,3,2,4,2,3,3,4,3,4,4,3,4,3,4,3,3,3,2,3,3,0.124,-0.066,-0.023,-0.282,-0.304,0.039,-0.421,MEDICAL,FEMALE,YES,TECHNOLOGICAL_ACADEMY,TECHNICIAN,30,5,7
4,3,4,3,2,3,4,4,4,4,2,3,2,2,3,3,2,2,2,2,2,2,3,2,3,3,2,3,3,3,3,3,3,2,3,2,3,2,2,2,-1.232,-0.444,-1.919,-1.865,-0.954,-0.856,-1.390,MEDICAL,FEMALE,YES,TECHNOLOGICAL_ACADEMY,TECHNICIAN,30,8,9
5,5,5,5,5,5,5,5,5,5,5,5,4,4,5,4,4,4,4,4,4,4,5,5,5,5,5,5,5,5,5,5,5,4,4,4,4,4,4,4,1.905,1.822,1.574,0.716,2.118,2.078,0.946,MEDICAL,FEMALE,YES,TECHNOLOGICAL_ACADEMY,TECHNICIAN,30,4,9
3,3,3,3,3,3,3,3,3,3,3,4,3,3,3,4,4,4,4,4,4,4,4,4,4,4,4,4,4,4,2,1,1,4,4,3,4,4,4,4,-1.658,-1.953,-0.666,0.716,0.798,-1.680,0.782,MEDICAL,FEMALE,YES,TECHNOLOGICAL_ACADEMY,TECHNICIAN,30,5,9
3,3,4,4,4,3,4,4,4,3,4,4,4,4,4,4,4,4,4,4,2,3,4,4,3,4,3,3,4,4,4,4,4,4,4,3,4,3,3,4,-0.593,-0.743,0.594,0.140,0.149,0.611,0.384,MEDICAL,FEMALE,YES,TECHNOLOGICAL_ACADEMY,TECHNICIAN,34,4,9
5,5,5,5,5,5,5,5,5,5,5,5,5,5,5,5,5,5,5,5,5,5,5,5,5,5,5,5,4,4,4,4,4,4,4,2,4,4,4,4,1.905,1.822,2.172,2.100,2.118,0.611,0.619,MEDICAL,FEMALE,YES,TECHNOLOGICAL_ACADEMY,TECHNICIAN,29,5,9
4,4,4,3,4,3,4,4,4,4,4,3,4,4,4,3,3,3,3,3,2,2,4,2,3,3,3,3,3,3,3,2,2,3,3,3,3,3,3,3,-0.240,-0.444,0.278,-1.052,-0.516,-1.416,-0.423,MEDICAL,FEMALE,YES,TECHNOLOGICAL_ACADEMY,TECHNICIAN,35,8,10
4,3,4,4,4,4,4,4,4,4,3,3,4,3,4,3,4,4,4,4,4,4,2,2,3,4,3,3,5,4,4,4,4,4,4,4,4,4,2,3,-0.212,-0.066,-0.365,0.529,-0.742,0.910,0.306,MEDICAL,FEMALE,YES,TECHNOLOGICAL_ACADEMY,TECHNICIAN,28,5,7
3,3,3,3,4,4,4,4,4,4,2,2,2,2,2,1,4,1,4,4,2,2,2,2,4,4,2,2,4,4,3,4,4,4,2,2,2,2,2,2,-1.329,-0.066,-2.560,-1.228,-0.947,0.306,-1.414,MEDICAL,FEMALE,YES,TECHNOLOGICAL_ACADEMY,TECHNICIAN,35,3,9
4,4,4,4,4,4,4,4,4,4,4,4,4,4,4,3,3,3,3,3,3,3,3,3,3,3,3,3,3,3,3,3,3,3,3,3,3,3,3,3,0.124,-0.066,0.594,-0.668,-0.523,-0.856,-0.423,MEDICAL,FEMALE,YES,TECHNOLOGICAL_ACADEMY,TECHNICIAN,30,7,9
5,5,5,5,5,5,5,5,5,5,5,5,4,3,4,4,5,4,4,4,3,3,4,3,4,5,4,5,4,3,4,3,3,4,3,3,3,3,3,3,1.905,1.822,0.945,0.518,1.020,-0.252,-0.234,MEDICAL,MALE,YES,TECHNOLOGICAL_ACADEMY,TECHNICIAN,42,8,9
4,4,4,4,4,4,4,4,4,4,4,3,3,3,4,4,4,4,4,3,3,3,4,4,4,3,3,3,4,4,4,4,4,4,4,3,3,3,3,3,0.124,-0.066,-0.320,0.119,0.144,0.611,-0.046,ELECTRONIC,FEMALE,NO,TECHNOLOGICAL_ACADEMY,TECHNICIAN,25,8,11
4,4,4,4,2,5,5,5,5,4,3,4,4,3,3,4,4,4,3,4,2,4,2,3,3,3,3,3,3,3,3,3,3,2,3,1,3,1,3,3,-0.533,1.524,-0.372,0.124,-0.749,-0.856,-1.312,ELECTRONIC,FEMALE,NO,TECHNOLOGICAL_ACADEMY,TECHNICIAN,25,2,11
4,4,4,4,4,4,4,4,4,4,4,4,3,3,3,4,3,4,4,4,4,4,3,4,3,3,3,3,3,4,3,3,3,3,3,4,3,3,3,3,0.124,-0.066,-0.327,0.529,-0.304,-0.553,-0.260,ELECTRONIC,FEMALE,NO,TECHNOLOGICAL_ACADEMY,TECHNICIAN,24,2,11
4,3,4,4,3,4,4,4,4,3,3,3,3,3,3,2,3,1,2,2,2,2,3,3,3,3,3,3,3,3,3,3,3,3,3,3,3,3,3,3,-0.540,-0.364,-0.983,-2.070,-0.523,-0.856,-0.423,ELECTRONIC,FEMALE,YES,TECHNOLOGICAL_ACADEMY,TECHNICIAN,27,4,11
5,5,5,4,4,4,4,5,5,4,4,4,4,3,4,5,4,4,4,4,3,2,4,4,4,5,3,4,3,4,3,4,4,4,2,3,3,3,3,3,1.214,0.737,0.290,0.326,0.812,0.007,-0.423,ELECTRONIC,FEMALE,YES,TECHNOLOGICAL_ACADEMY,TECHNICIAN,36,9,11
4,3,4,4,4,3,5,4,4,4,3,4,3,4,3,5,3,5,4,4,2,3,4,2,4,4,4,4,4,4,3,3,4,4,2,5,4,2,2,3,-0.212,-0.036,-0.362,0.345,0.359,0.013,-0.281,ELECTRONIC,FEMALE,YES,TECHNOLOGICAL_ACADEMY,TECHNICIAN,36,9,11
4,2,4,2,2,3,4,2,4,4,2,2,2,3,4,3,4,3,4,4,2,2,2,2,2,2,2,2,4,4,4,4,2,2,2,2,2,2,2,2,-1.931,-1.244,-1.608,-0.444,-1.844,0.076,-1.792,ELECTRONIC,MALE,NO,TECHNOLOGICAL_ACADEMY,TECHNICIAN,29,4,11
4,5,3,3,3,5,5,5,5,5,3,3,3,3,4,5,3,5,3,5,5,3,3,3,3,3,3,3,4,4,3,5,3,3,5,3,3,1,3,3,-0.605,1.822,-0.659,0.925,-0.523,0.332,-0.419,ELECTRONIC,MALE,NO,TECHNOLOGICAL_ACADEMY,TECHNICIAN,26,4,11
4,3,3,3,4,4,4,4,4,4,3,2,3,3,4,4,4,4,4,2,3,2,4,4,3,3,3,3,4,4,3,4,3,2,2,2,2,2,2,3,-0.948,-0.066,-0.975,-0.287,-0.078,0.039,-1.576,ELECTRONIC,MALE,NO,TECHNOLOGICAL_ACADEMY,TECHNICIAN,28,9,11
4,4,4,4,4,3,4,3,3,5,4,3,5,4,4,3,3,3,3,3,3,3,3,3,3,3,3,3,3,3,3,3,3,3,3,3,3,3,3,3,0.124,-0.949,0.571,-0.668,-0.523,-0.856,-0.423,ELECTRONIC,MALE,NO,TECHNOLOGICAL_ACADEMY,TECHNICIAN,28,4,12
4,3,3,3,3,4,3,4,4,3,4,3,3,3,3,3,5,4,3,4,4,4,3,5,3,3,5,3,3,4,3,4,3,2,2,5,3,3,3,3,-1.276,-0.772,-0.644,0.507,0.339,-0.260,-0.474,ELECTRONIC,MALE,NO,TECHNOLOGICAL_ACADEMY,TECHNICIAN,29,5,12
4,4,4,4,4,4,4,4,4,3,3,3,3,3,2,1,4,3,3,3,3,3,2,2,3,3,3,5,4,4,4,2,3,3,3,2,2,2,2,2,0.124,-0.364,-1.307,-0.856,-0.539,-0.242,-1.415,ELECTRONIC,MALE,NO,TECHNOLOGICAL_ACADEMY,TECHNICIAN,29,2,14
4,4,5,4,5,4,4,4,4,4,4,4,4,3,4,4,4,3,3,3,3,3,3,3,3,3,3,3,3,3,3,3,3,3,4,4,4,4,4,4,0.825,-0.066,0.290,-0.294,-0.523,-0.856,0.757,ELECTRONIC,MALE,NO,TECHNOLOGICAL_ACADEMY,TECHNICIAN,28,1,17
4,4,3,3,4,4,3,4,4,4,4,3,3,3,3,4,4,3,4,4,4,4,4,4,3,3,3,4,4,3,4,3,3,3,4,4,3,3,3,3,-0.612,-0.474,-0.644,0.512,0.137,-0.252,-0.071,ELECTRONIC,MALE,NO,TECHNOLOGICAL_ACADEMY,TECHNICIAN,26,1,17
5,5,5,5,5,5,5,5,5,5,4,4,5,4,5,4,4,4,4,4,5,5,5,5,4,4,5,5,5,5,5,5,5,5,5,5,5,5,5,5,1.905,1.822,1.212,1.100,1.670,2.078,2.315,ELECTRONIC,MALE,NO,TECHNOLOGICAL_ACADEMY,TECHNICIAN,26,1,17
4,4,4,4,4,4,5,4,5,5,4,4,3,3,4,4,4,3,3,3,3,3,4,3,4,4,3,4,4,4,4,4,4,4,4,4,3,3,4,3,0.124,1.044,-0.004,-0.294,0.366,0.611,0.329,ELECTRONIC,MALE,NO,TECHNOLOGICAL_ACADEMY,TECHNICIAN,24,1,17
5,5,4,4,5,5,4,5,5,5,4,4,4,3,4,2,3,3,3,3,3,3,3,3,3,3,3,3,4,4,4,4,4,4,3,3,3,3,3,3,1.169,1.414,0.290,-0.855,-0.523,0.611,-0.234,ELECTRONIC,MALE,NO,TECHNOLOGICAL_ACADEMY,TECHNICIAN,25,1,17
5,5,5,5,5,5,5,4,5,5,4,3,3,3,3,3,5,4,4,4,5,3,4,4,4,4,4,4,4,4,4,4,3,4,4,3,4,3,3,3,1.905,1.422,-0.644,0.715,0.798,0.344,0.168,ELECTRONIC,MALE,NO,TECHNOLOGICAL_ACADEMY,TECHNICIAN,29,1,17
3,3,4,3,3,4,4,4,4,4,3,4,3,3,4,3,3,3,3,3,3,3,4,4,3,4,3,3,4,4,4,4,4,3,3,3,3,3,3,3,-1.285,-0.066,-0.342,-0.668,0.149,0.611,-0.423,ELECTRONIC,MALE,NO,TECHNOLOGICAL_ACADEMY,TECHNICIAN,24,1,17
4,3,3,3,4,4,4,4,4,3,4,4,3,3,3,4,4,4,4,3,2,3,4,4,3,3,3,4,4,3,3,4,3,2,2,3,3,3,3,3,-0.948,-0.364,-0.327,-0.073,0.137,-0.264,-0.800,ELECTRONIC,MALE,NO,TECHNOLOGICAL_ACADEMY,TECHNICIAN,27,2,17
4,4,4,4,4,4,4,4,4,4,4,3,4,4,4,4,4,4,4,4,4,4,4,5,4,4,4,4,4,4,4,4,4,3,3,4,3,3,3,3,0.124,-0.066,0.278,0.716,1.017,0.611,-0.260,ELECTRONIC,MALE,NO,TECHNOLOGICAL_ACADEMY,TECHNICIAN,25,2,17
5,5,5,5,5,5,5,5,5,5,4,4,4,3,3,4,4,3,4,3,3,2,4,3,3,3,3,3,4,4,4,4,3,4,4,3,4,4,3,4,1.905,1.822,-0.034,-0.278,-0.297,0.344,0.571,ELECTRONIC,MALE,NO,TECHNOLOGICAL_ACADEMY,TECHNICIAN,26,1,17
4,4,4,3,3,4,4,4,4,5,5,5,5,3,5,5,5,5,5,5,5,5,5,5,5,5,5,5,4,4,5,5,5,4,4,4,4,4,5,5,-0.568,0.232,1.563,2.100,2.118,1.476,1.374,ELECTRONIC,MALE,NO,TECHNOLOGICAL_ACADEMY,TECHNICIAN,26,1,17
3,3,3,3,3,4,3,3,3,3,3,3,4,3,3,2,2,2,3,2,3,3,3,3,3,3,3,3,3,3,3,3,3,4,4,4,3,3,3,3,-1.658,-1.575,-0.689,-1.459,-0.523,-0.856,0.118,ELECTRONIC,MALE,YES,TECHNOLOGICAL_ACADEMY,TECHNICIAN,28,3,11
3,4,3,3,4,4,4,3,3,4,4,5,3,3,4,3,3,2,3,3,3,4,3,4,4,3,3,2,5,4,4,5,4,4,2,2,3,3,2,2,-0.994,-0.868,0.313,-0.680,-0.297,1.203,-1.014,ELECTRONIC,MALE,YES,TECHNOLOGICAL_ACADEMY,TECHNICIAN,38,14,11
4,3,4,3,4,3,4,3,4,4,3,3,4,3,4,4,5,5,5,3,4,4,3,3,3,3,3,3,3,3,3,3,2,3,3,2,2,4,2,2,-0.575,-0.844,-0.365,1.103,-0.523,-1.123,-1.042,ELECTRONIC,MALE,YES,TECHNOLOGICAL_ACADEMY,TECHNICIAN,30,1,12
4,3,3,3,4,3,4,4,4,4,5,4,4,4,5,5,5,4,4,4,4,4,4,4,2,4,4,2,4,4,4,4,2,4,4,4,4,4,4,4,-0.948,-0.444,1.257,1.090,-0.075,0.076,0.946,ELECTRONIC,MALE,YES,TECHNOLOGICAL_ACADEMY,TECHNICIAN,45,10,13
4,4,4,4,4,4,4,4,4,4,4,4,3,3,3,3,3,3,3,3,4,3,4,4,3,3,3,4,4,4,3,4,3,4,4,3,3,3,3,3,0.124,-0.066,-0.327,-0.476,0.137,0.039,-0.046,ELECTRONIC,MALE,YES,TECHNOLOGICAL_ACADEMY,TECHNICIAN,33,2,13
4,4,4,4,4,4,4,4,4,4,3,4,3,3,3,3,4,4,3,3,3,3,3,4,3,3,3,3,3,3,3,3,3,3,3,3,3,3,3,3,0.124,-0.066,-0.666,-0.277,-0.304,-0.856,-0.423,ELECTRONIC,MALE,YES,TECHNOLOGICAL_ACADEMY,TECHNICIAN,32,1,14
5,4,5,5,5,5,5,5,5,4,3,3,3,3,3,4,5,3,2,5,2,2,4,4,4,3,3,4,3,3,3,3,3,3,4,2,3,2,2,3,1.570,1.524,-0.983,-0.275,0.359,-0.856,-0.796,FINANCE,FEMALE,NO,TECHNOLOGICAL_ACADEMY,AGENT,27,7,1
3,3,3,3,3,3,3,3,3,3,3,3,3,3,3,2,2,2,2,2,2,2,4,4,4,4,4,4,4,4,4,4,4,3,3,3,3,3,3,3,-1.658,-1.953,-0.983,-2.052,0.798,0.611,-0.423,FINANCE,FEMALE,NO,TECHNOLOGICAL_ACADEMY,AGENT,23,1,1
4,4,4,4,4,4,4,4,4,4,2,2,2,2,3,3,3,3,3,3,3,3,5,5,5,4,2,3,3,3,3,3,3,3,3,3,3,3,4,3,0.124,-0.066,-2.236,-0.668,0.826,-0.856,-0.211,FINANCE,FEMALE,NO,TECHNOLOGICAL_ACADEMY,AGENT,26,4,1
4,4,4,4,3,4,4,5,4,3,4,4,3,4,4,5,5,4,5,4,4,4,3,3,2,2,2,2,4,4,4,4,4,4,4,3,4,4,3,4,-0.205,0.036,0.301,1.298,-1.398,0.611,0.571,FINANCE,FEMALE,YES,TECHNOLOGICAL_ACADEMY,AGENT,35,9,2
4,4,4,4,4,4,4,4,4,4,3,3,3,3,3,4,4,4,3,4,3,3,2,2,2,2,2,2,2,2,2,2,2,3,3,3,3,3,3,3,0.124,-0.066,-0.983,0.123,-1.844,-2.323,-0.423,FINANCE,FEMALE,YES,TECHNOLOGICAL_ACADEMY,AGENT,28,6,4
4,3,3,3,3,3,4,4,4,4,3,4,4,4,4,4,4,3,3,3,4,4,2,3,2,1,1,2,3,3,2,2,3,3,4,4,2,3,3,3,-1.276,-0.444,0.256,0.090,-2.063,-1.454,-0.285,FINANCE,MALE,YES,TECHNOLOGICAL_ACADEMY,AGENT,28,4,4
4,4,4,4,4,4,5,4,4,4,3,4,3,4,3,3,4,4,5,4,3,3,3,3,4,3,3,2,2,2,2,4,4,3,4,4,4,3,3,3,0.124,0.342,-0.362,0.353,-0.516,-1.203,0.143,ELECTRONIC,FEMALE,NO,TECHNOLOGICAL_ACADEMY,AGENT,30,3,12
3,3,3,3,5,3,4,3,3,4,3,3,3,3,3,3,4,3,3,4,4,3,3,2,3,3,3,3,3,3,3,4,3,3,3,4,3,3,3,3,-1.001,-1.247,-0.983,-0.077,-0.742,-0.563,-0.260,ELECTRONIC,FEMALE,YES,TECHNOLOGICAL_ACADEMY,AGENT,30,2,12
2,2,4,4,3,3,4,4,4,3,2,2,2,2,3,4,4,4,4,4,2,2,2,2,2,2,2,2,2,2,2,2,2,2,1,4,4,1,2,1,-1.638,-0.743,-2.236,-0.053,-1.844,-2.323,-1.629,FINANCE,MALE,YES,GRADUATED_SCHOOL,TECHNICIAN,30,3,1
5,4,5,5,5,5,5,4,4,5,4,4,4,5,4,4,4,4,4,4,5,4,3,3,4,3,3,3,3,4,3,4,4,4,4,3,4,4,4,4,1.570,1.019,0.899,0.908,-0.301,0.007,0.782,MEDICAL,MALE,YES,GRADUATED_SCHOOL,TECHNICIAN,34,8,9
4,5,3,4,4,5,4,4,4,4,4,4,4,3,4,3,4,3,4,3,3,2,4,4,3,4,4,2,4,4,4,5,3,4,4,4,4,4,4,4,0.087,0.313,0.290,-0.466,0.146,0.637,0.946,ELECTRONIC,FEMALE,NO,GRADUATED_SCHOOL,TECHNICIAN,26,1,15
4,4,4,4,4,4,4,4,4,4,3,3,3,3,3,3,3,4,2,3,2,3,3,4,4,4,4,4,5,5,5,5,5,4,3,1,3,2,2,1,0.124,-0.066,-0.983,-0.864,0.571,2.078,-1.392,ELECTRONIC,FEMALE,NO,GRADUATED_SCHOOL,TECHNICIAN,29,2,11
4,4,4,3,4,4,4,4,4,4,3,3,4,3,3,3,4,4,3,3,3,2,2,2,1,2,3,3,2,2,3,3,2,2,3,2,2,3,3,2,-0.240,-0.066,-0.689,-0.470,-1.639,-1.725,-1.205,ELECTRONIC,MALE,NO,GRADUATED_SCHOOL,TECHNICIAN,27,2,14
4,4,4,4,4,3,4,3,3,4,4,3,2,4,4,4,3,4,4,4,4,4,4,4,4,4,3,4,4,4,4,3,4,4,3,4,4,4,3,4,0.124,-1.247,-0.310,0.529,0.585,0.318,0.546,ELECTRONIC,MALE,NO,GRADUATED_SCHOOL,TECHNICIAN,35,1,15
4,4,5,4,4,4,5,5,4,4,4,4,4,5,4,5,4,4,4,4,5,4,4,5,3,4,4,4,3,4,4,3,5,4,4,3,4,5,4,4,0.497,0.742,0.899,1.095,0.795,0.286,0.969,ELECTRONIC,MALE,NO,GRADUATED_SCHOOL,TECHNICIAN,30,1,11
5,5,5,5,4,5,5,4,5,5,5,5,5,5,5,5,5,5,5,5,5,5,5,5,5,4,5,5,5,5,4,5,5,5,4,5,5,5,5,5,1.577,1.422,2.172,2.100,1.892,1.773,2.126,ELECTRONIC,MALE,NO,GRADUATED_SCHOOL,TECHNICIAN,30,1,15
4,4,4,4,4,4,4,4,4,3,3,3,3,3,3,3,4,3,3,3,2,3,3,2,3,3,3,3,3,3,3,4,3,4,3,4,3,4,3,3,0.124,-0.364,-0.983,-0.673,-0.742,-0.563,0.116,ELECTRONIC,MALE,YES,GRADUATED_SCHOOL,TECHNICIAN,34,2,11
4,4,4,4,5,5,5,5,5,5,4,4,5,5,5,4,4,4,4,4,4,4,4,4,5,4,5,2,5,5,4,5,5,3,5,5,4,3,3,4,0.452,1.822,1.516,0.716,0.802,1.773,0.711,FINANCE,FEMALE,YES,GRADUATED_SCHOOL,AGENT,31,6,5
4,4,4,4,4,4,4,4,4,4,4,4,4,4,4,5,5,5,5,5,5,5,4,4,3,3,3,4,4,4,4,5,3,4,4,4,4,5,4,4,0.124,-0.066,0.594,2.100,0.137,0.637,1.132,FINANCE,MALE,NO,GRADUATED_SCHOOL,AGENT,26,1,2
3,2,3,3,3,3,3,3,3,3,3,3,3,3,3,3,3,3,3,3,2,3,2,2,2,2,2,2,3,3,3,3,3,3,3,3,3,3,3,3,-1.993,-1.953,-0.983,-0.860,-1.844,-0.856,-0.423,FINANCE,MALE,YES,GRADUATED_SCHOOL,AGENT,35,3,1
5,5,5,5,5,5,5,5,5,5,3,3,3,3,3,4,4,4,4,4,4,4,3,3,3,3,3,3,3,3,3,3,3,3,3,3,3,3,3,3,1.905,1.822,-0.983,0.716,-0.523,-0.856,-0.423,FINANCE,MALE,YES,GRADUATED_SCHOOL,AGENT,36,10,6
